Hogar;Persona;AnoNac;Sexo;Relacion;Viajes;LicenciaConducir;PaseEscolar;AdultoMayor;Estudios;Curso;Actividad;Ocupacion;1ctividad5mpresa;JornadaTrabajo;4onde5studia;4ir1ctividad3oordX;4ir1ctividad3oordY;4ir5studios3oordX;4ir5studios3oordY;NoViaja;Tarjeta2ip;Tarjeta22ip;Medio;3onoceTransantiago;NoUsaTransantiago;4iscapacidad;TieneIngresos;Ingreso;TramoIngreso;Ingreso6inal;TramoIngreso6inal;IngresoImputado;6actor_LaboralNormal;6actor_SabadoNormal;6actor_4omingoNormal;6actor_Laboral5stival;6actor_6indesemana5stival;6actor
109041;10904102;1984;1;3;2;3;2;2;5;4;1;5;2;1;2;343623,3494;6306748,543;2;2;2;3;2;2;1;3;J;1;3;3;633797;3;2;2;108;2;2;2;126,35017
109071;10907102;1960;1;1;2;1;2;2;4;6;1;2;5;1;2;0;0;2;2;2;3;2;2;1;1;J;1;3;2;384869;2;2;33,59955;2;2;2;2;17,71747
109111;10911102;1978;1;1;4;3;2;2;7;4;1;5;5;1;2;325205,3377;6315467,326;2;2;2;3;2;4;1;2;J;1;3;3;490728;3;2;785,1191;2;2;2;2;439,71997
109151;10915101;1970;1;1;2;3;2;2;5;4;1;5;5;1;2;339221,7106;6308552,551;2;2;2;3;2;2;1;5;J;1;3;3;791704;3;2;2;2;2;2;1059;4,23191
109151;10915102;1980;2;2;2;1;2;2;5;4;4;2;2;2;2;2;2;2;2;2;3;2;2;1;5;J;2;0;0;0;0;0;2;2;2;2;1059;3,97404
109151;10915103;2000;2;3;2;1;1;2;4;6;2;2;2;2;4;2;2;324730,3617;6315293,16;2;3;2;3;1;5;J;2;0;0;0;0;0;2;2;2;2;1059;5,00324
109151;10915104;2003;2;3;2;1;2;2;4;3;2;2;2;2;4;2;2;324730,3617;6315293,16;2;2;2;2;2;5;J;2;0;0;0;0;0;2;2;2;2;1059;5,00324
109181;10918101;1951;2;1;2;3;2;2;7;4;3;2;2;2;2;2;2;2;2;2;3;2;2;1;5;J;1;3;2;366033;2;2;2;2;2;2;2452;163,64714
109191;10919101;1974;1;1;2;3;2;2;5;4;1;5;5;1;2;347201,0111;6302443,76;2;2;2;3;2;2;1;5;J;1;3;3;520514;3;2;2;2;2;2;848;72,48962
109191;10919102;1980;2;2;2;3;2;2;5;4;1;5;5;1;2;349362,4574;6299991,786;2;2;2;3;2;2;1;5;J;1;3;3;519842;3;2;2;2;2;2;848;56,59679
109201;10920101;1953;2;1;2;3;2;2;11;5;6;2;2;2;2;2;2;2;2;2;3;2;2;1;5;J;1;3;2;337242;2;2;2441,793;2;2;2;2;311,99872
109211;10921102;1973;1;1;4;3;2;2;5;4;1;5;2;1;2;345319,5409;6302703,347;2;2;2;3;2;7;1;5;J;3;0;3;402511;3;2;27,63294;2;2;2;2;14,77048
109211;10921104;1994;2;3;4;1;2;2;5;4;1;5;5;1;2;352457,7945;6302807,957;2;2;2;3;2;2;2;2;J;1;300000;2;300000;2;0;26,77034;2;2;2;2;13,46835
109221;10922101;1993;1;3;4;1;2;2;5;4;1;5;2;1;2;331467,0187;6322293,259;2;2;2;3;2;2;1;5;J;3;0;2;334887;2;2;793,3088;2;2;2;2;587,20538
109241;10924102;2006;1;3;2;1;2;2;4;1;2;2;2;2;4;2;2;0;0;2;2;2;4;2;5;J;2;0;0;0;0;0;2;1432;2;2;2;77,85798
109291;10929101;1953;1;1;2;1;2;2;4;8;1;5;2;1;2;343553,5759;6294406,278;2;2;2;3;2;2;1;5;J;3;0;2;315619;2;2;2;2;2;2;832;253,72722
109341;10934101;1960;1;1;2;3;2;2;5;4;1;2;2;1;2;325497,2144;6314741,356;2;2;2;2;2;4;2;7;J;1;3;3;610840;3;2;868,1069;2;2;2;2;194,53345
109341;10934102;1973;2;2;4;3;2;2;7;4;1;5;5;1;2;337702,1414;6317193,744;2;2;2;3;2;4;2;2;7;J;1;3;2;253264;2;2;883,9125;2;2;2;2;182,67952
109371;10937101;1946;1;1;2;3;2;2;4;8;1;2;2;1;2;324519,4901;6315631,005;2;2;2;3;2;4;1;2;J;1;3;2;301413;2;2;2;2;226,3932;2;2;14,41363
109371;10937102;1950;2;2;2;1;2;2;4;3;1;2;2;1;2;324519,4901;6315631,005;2;2;2;3;2;2;1;2;J;1;3;2;271350;2;2;2;2;226,3932;2;2;7,52637
109391;10939103;1971;1;1;2;3;2;2;5;4;1;2;2;1;2;324984,2037;6315258,357;2;2;2;3;2;2;1;5;J;1;3;3;406207;3;2;25,4629;2;2;2;2;12,28048
109481;10948102;1954;1;1;2;3;2;2;4;8;1;5;5;1;2;0;0;2;2;2;3;2;2;1;5;J;1;3;2;203400;2;2;91,94175;2;2;2;2;37,24628
109511;10951103;1985;1;5;2;3;2;2;7;4;1;5;5;1;2;332120,3386;6308429,186;2;2;2;3;2;3;1;5;J;1;3;3;518236;3;2;781,6761;2;2;2;2;258,45178
109521;10952101;1943;2;1;2;1;2;2;6;4;3;2;2;2;2;2;2;2;2;2;3;2;7;2;2;J;1;200000;1;200000;1;0;234,8234;2;2;2;2;156,77892
109541;10954101;1992;1;3;2;1;1;2;11;2;2;2;2;2;8;2;2;0;0;2;3;2;7;2;2;J;2;0;0;0;0;0;25,23684;2;2;2;2;16,33293
109541;10954104;1964;1;1;2;3;2;2;11;4;1;2;5;1;2;345912,9945;6299584,152;2;2;2;3;2;3;1;6;J;3;0;7;468596;3;1;25,23684;2;2;2;2;17,05195
109601;10960101;1972;1;1;2;3;2;2;7;4;1;5;5;1;2;326025,3316;6314475,29;2;2;2;3;2;2;1;5;J;1;3;3;668059;3;2;27,75465;2;2;2;2;25,12993
109611;10961103;1985;1;3;2;4;2;2;5;4;1;5;1;1;2;337016,5375;6311583,835;2;2;2;2;2;3;1;5;J;3;0;2;347012;2;2;183,3757;2;2;2;2;15,46514
109621;10962104;1962;1;1;2;3;2;2;4;8;1;5;1;1;2;337702,1414;6317193,744;2;2;2;3;2;2;1;5;J;3;0;2;275192;2;2;23,2448;2;2;2;2;4,45749
109631;10963101;1967;1;1;3;3;2;2;7;4;1;5;5;1;2;339875,9226;6316643,819;2;2;2;2;2;2;2;1;J;1;3;3;450269;3;2;42,83777;2;2;2;2;50,56732
109671;10967101;1974;2;2;2;3;2;2;7;4;1;5;5;1;2;346252,5465;6298191,928;2;2;2;3;2;2;1;5;J;1;3;3;441031;3;2;2;179;2;2;2;4,82728
109671;10967102;1970;1;1;2;3;2;2;5;4;1;5;1;1;2;331694,0655;6321886,006;2;2;2;3;2;2;1;5;J;1;3;3;597171;3;2;2;192;2;2;2;5,14052
109671;10967103;1966;1;4;2;3;2;2;7;4;1;5;5;1;2;346595,7603;6298319,945;2;2;2;3;2;3;1;5;J;1;3;3;406948;3;2;2;192;2;2;2;5,14052
109671;10967106;2007;2;3;2;1;2;2;2;1;2;2;2;2;4;2;2;324474,517;6315758,533;2;2;2;2;2;5;J;2;0;0;0;0;0;2;218;2;2;2;7,25164
109681;10968101;1957;2;2;4;3;2;2;10;4;1;5;1;2;2;346169,6369;6298575,371;2;2;2;3;2;2;1;5;J;1;3;4;926592;4;2;106,7527;2;2;2;2;86,99525
109681;10968102;1962;1;1;2;3;2;2;10;4;1;5;5;1;2;344022,0996;6324650,743;2;2;2;2;2;4;2;7;J;1;3;5;1894275;5;2;126,3274;2;2;2;2;93,64149
109681;10968104;1991;2;4;2;1;2;2;5;4;1;5;5;1;2;0;0;2;2;2;3;2;4;2;2;J;1;3;2;339738;2;2;176,7376;2;2;2;2;102,6993
109701;10970103;1958;1;1;2;3;2;2;5;4;1;5;1;1;2;337123,5224;6311817,338;2;2;2;3;2;7;1;5;J;1;3;3;538948;3;2;2;192;2;2;2;34,45713
109741;10974102;1970;1;1;2;3;2;2;9;4;1;5;1;1;2;343727,676;6326482,163;2;2;2;2;2;2;1;5;J;3;0;2;205087;2;2;2;2;2;810;2;36,41763
109751;10975102;1976;2;2;2;3;2;2;9;4;1;5;5;1;2;352435,4943;6302818,486;2;2;2;3;2;3;1;5;J;3;0;3;497295;3;2;2;2;2;1484;2;94,9063
109761;10976101;1958;1;1;2;3;2;2;5;4;1;5;5;1;2;347417,8242;6305018,362;2;2;2;3;2;2;2;2;J;1;3;3;454487;3;2;2;2;2;1484;2;101,0647
109771;10977102;1980;1;1;2;3;2;2;11;5;1;5;5;1;2;337165,6288;6296328,76;2;2;2;3;2;2;1;2;J;1;3;4;1061991;4;2;2;2;2;857;2;60,82039
109791;10979102;1952;1;1;2;3;2;2;5;4;1;5;5;1;2;339040,913;6306833,219;2;2;2;3;2;2;1;1;J;1;3;3;601465;3;2;899,2;2;2;2;2;309,72565
109801;10980101;1988;1;1;2;3;2;2;5;4;1;5;1;1;2;347227,2253;6303499,622;2;2;2;3;2;3;1;6;J;3;0;3;585799;3;2;25,23684;2;2;2;2;16,33293
109821;10982102;1984;1;1;2;3;2;2;7;4;1;5;5;1;2;345001,0218;6308820,14;2;2;2;3;2;4;1;2;J;1;3;3;497789;3;2;180,3858;2;2;2;2;42,60682
110081;11008102;1974;1;1;2;3;2;2;5;4;1;5;1;1;2;341455,3869;6312673,678;2;2;2;3;2;2;1;5;J;1;650000;3;650000;3;0;2;2;2;146;2;3,61626
110101;11010101;1977;2;2;2;3;2;2;5;4;1;5;5;1;2;343822,1953;6324778,861;2;2;2;3;2;2;1;1;J;1;500000;3;500000;3;0;2;15804;2;2;2;599,78186
110221;11022102;1949;1;1;2;3;2;2;10;4;1;4;5;1;2;343963,035;6325100,561;2;2;2;3;2;2;1;1;J;1;3;4;899642;4;2;29,40695;2;2;2;2;8,21542
110241;11024101;1981;1;1;2;3;2;2;5;4;1;5;5;1;2;345056,4252;6326268,008;2;2;2;3;2;2;1;5;J;1;560000;3;560000;3;0;957,9677;2;2;2;2;688,05341
110361;11036102;1972;1;1;2;3;2;2;5;4;1;2;8;1;2;343828,9095;6326816,85;2;2;2;3;2;4;1;1;J;1;3;3;552021;3;2;304,6257;2;2;2;2;100,10748
110451;11045101;1970;2;2;2;3;2;2;5;4;1;5;4;1;2;343831,4228;6324784,887;2;2;2;3;2;2;1;1;J;1;500000;3;500000;3;0;218,0496;2;2;2;2;104,59628
110581;11058104;1962;2;4;2;3;2;2;10;4;1;4;3;1;2;343970,0799;6325098,879;2;2;2;3;2;4;1;1;J;1;700000;3;700000;3;0;2;2;2;1157;2;1,61378
110681;11068101;1979;2;2;2;3;2;2;5;4;1;5;5;1;2;0;0;2;2;2;3;2;2;1;1;J;1;700000;3;700000;3;0;296,6216;2;2;2;2;79,73215
110691;11069101;1956;1;1;2;3;2;2;5;4;3;2;2;2;2;2;2;2;2;2;3;2;2;1;1;J;1;300000;2;300000;2;0;249,4711;2;2;2;2;67,16846
110781;11078102;1950;1;1;2;3;2;2;5;1;1;2;5;1;2;345701,1344;6298053,477;2;2;2;3;2;2;1;5;J;1;500000;3;500000;3;0;249,4711;2;2;2;2;67,16846
110881;11088101;1982;1;1;2;3;2;2;10;4;1;5;4;1;2;346914,6733;6300000,246;2;2;2;3;2;3;1;5;J;1;400000;2;400000;2;0;362,6775;2;2;2;2;135,83614
110881;11088102;1982;2;2;2;1;2;2;11;5;1;5;8;1;2;343811,51;6306721,17;2;2;2;3;2;3;1;5;J;1;380000;2;380000;2;0;273,4533;2;2;2;2;117,65867
110881;11088103;2009;2;3;2;1;2;2;2;1;2;2;2;2;2;2;2;344011,1582;6305852,838;2;2;2;10;2;7;J;2;0;0;0;0;0;379,4185;2;2;2;2;149,55161
110891;11089105;1986;1;3;2;3;2;2;7;4;1;5;2;1;2;353418,57;6303204,96;2;2;2;3;2;3;1;5;J;1;340000;2;340000;2;0;2;3514;2;2;2;188,80478
110911;11091101;1965;2;2;2;3;2;2;5;4;4;2;2;2;2;2;2;2;2;2;3;2;3;1;1;J;2;0;0;0;0;0;491,6014;2;2;2;2;284,81946
111161;11116102;1977;2;2;2;3;2;2;5;4;1;5;5;1;2;345701,18;6296793,596;2;2;2;3;2;3;1;1;J;1;500000;3;500000;3;0;624,472;2;2;2;2;225,36028
111171;11117101;1980;1;1;2;3;2;2;5;4;1;5;5;1;2;341002,6848;6291502,436;2;2;2;3;2;2;1;5;J;1;700000;3;700000;3;0;2;2;2;596;2;399,91406
111171;11117102;1983;2;2;2;3;2;2;5;4;1;5;5;1;2;0;0;2;2;2;3;2;2;1;5;J;1;700000;3;700000;3;0;2;2;2;596;2;346,39783
111211;11121101;1960;1;1;2;3;2;2;7;3;1;2;2;1;2;0;0;2;2;2;2;2;4;1;2;5;J;1;600000;3;600000;3;0;2;2;2;802;2;1617,40771
111311;11131101;1945;1;1;2;3;2;2;5;4;3;2;2;2;2;2;2;2;2;2;3;2;10;1;2;J;1;200000;1;200000;1;0;520,2291;2;2;2;2;194,79547
111341;11134104;1995;2;3;2;1;1;2;5;3;2;2;2;2;4;2;2;344729,6838;6303356,613;2;2;2;7;1;5;J;2;0;0;0;0;0;43,15127;2;2;2;2;38,06518
111341;11134105;2002;2;3;2;1;1;2;4;5;2;2;2;2;4;2;2;344729,6838;6303356,613;2;2;2;2;1;5;J;2;0;0;0;0;0;62,33337;2;2;2;2;44,99531
111341;11134106;2008;2;3;2;1;2;2;2;1;2;2;2;2;2;2;2;344729,6838;6303356,613;2;2;2;2;2;5;J;2;0;0;0;0;0;48,67102;2;2;2;2;37,22316
111361;11136101;1987;2;2;2;3;2;2;5;4;4;2;2;2;2;2;2;2;2;2;3;2;2;1;5;J;2;0;0;0;0;0;373,7226;2;2;2;2;143,90121
111361;11136103;2008;1;4;2;1;2;2;2;1;2;2;2;2;2;2;2;343822,6815;6304666,342;2;2;2;2;2;5;J;2;0;0;0;0;0;518,5427;2;2;2;2;182,90755
111441;11144102;1972;2;2;2;3;2;2;5;4;4;2;2;2;2;2;2;2;2;2;3;2;2;1;5;J;2;0;0;0;0;0;241,6214;2;2;2;2;89,48083
111521;11152101;1972;2;2;2;1;2;2;9;4;1;5;3;1;2;348925,58;6299751,829;2;2;2;3;2;2;1;5;J;1;340000;2;340000;2;0;80,18169;2;2;2;2;11,08447
111531;11153103;1967;1;3;2;3;2;2;10;4;1;5;3;1;2;356141,3557;6310267,704;2;2;2;3;2;3;1;5;J;1;3;3;718060;3;2;426,5999;2;2;2;2;39,13166
111531;11153104;1982;1;3;2;3;2;2;11;4;1;5;3;1;2;341695,1073;6306883,38;2;2;2;3;2;2;1;5;J;1;500000;3;500000;3;0;344,0222;2;2;2;2;30,76595
111621;11162102;1977;1;1;2;3;2;2;5;4;1;5;5;1;2;342835,1489;6305447,288;2;2;2;3;2;2;1;5;J;1;450000;3;450000;3;0;138,4377;2;2;2;2;61,13895
111651;11165103;1987;1;3;2;3;2;2;5;4;1;5;5;1;2;2;2;2;2;2;3;2;2;1;5;J;1;290000;2;290000;2;0;495,663;2;2;2;2;166,13301
111692;11169203;1954;1;1;2;3;2;2;5;4;1;2;2;1;2;344024,2513;6304956,104;2;2;2;3;2;2;1;5;J;1;300000;2;300000;2;0;626,9065;2;2;2;2;51,51142
111721;11172102;1963;2;2;2;3;2;2;5;4;4;2;2;2;2;2;2;2;2;2;3;2;2;1;1;J;2;0;0;0;0;0;2;2;2;1059;2;303,10406
111801;11180102;1940;2;2;2;1;2;2;4;6;3;2;2;2;2;2;2;2;2;2;3;2;2;1;5;J;1;150000;1;150000;1;0;144,4813;2;2;2;2;500,48962
111991;11199103;1980;1;4;2;3;2;2;5;4;1;2;5;1;2;345398,5918;6300732;2;2;2;3;2;2;2;2;J;1;280000;2;280000;2;0;166,181;2;2;2;2;93,42275
111991;11199104;1976;1;3;2;3;2;2;5;4;1;5;5;1;2;346190,8679;6300227,111;2;2;2;3;2;3;1;1;J;1;460000;3;460000;3;0;166,181;2;2;2;2;93,42275
112001;11200103;1950;1;1;2;3;2;2;5;1;3;2;2;2;2;2;2;2;2;2;3;2;2;1;5;J;1;120000;1;120000;1;0;2;2;2;802;2;627,97632
112071;11207101;1938;1;1;2;1;2;2;4;8;3;2;2;2;2;2;2;2;2;2;3;2;4;1;2;J;1;140000;1;140000;1;0;1882,626;2;2;2;2;957,78046
112091;11209104;1952;1;1;2;3;2;2;5;2;6;2;2;2;2;2;2;2;2;2;3;2;3;1;5;J;2;0;0;0;0;0;2;2;1450,346;2;2;567,90259
112100;11210002;1966;1;1;2;3;2;2;5;2;1;5;8;1;2;346590,25;6298257,07;2;2;2;3;2;2;1;5;J;1;380000;2;380000;2;0;37,07501;2;2;2;2;17,67089
112100;11210003;1993;1;3;2;1;1;2;5;4;2;2;2;2;7;2;2;0;0;2;2;2;3;1;5;J;2;0;0;0;0;0;30,42219;2;2;2;2;13,83989
112131;11213103;1984;2;3;2;3;2;2;5;4;1;5;5;1;2;346139,29;6298180,13;2;2;2;3;2;2;1;5;J;1;350000;2;350000;2;0;166,3656;2;2;2;2;113,49652
112131;11213104;1990;1;3;2;3;1;2;10;4;2;2;2;2;7;2;2;346139,29;6298180,13;2;3;2;3;1;5;J;1;3;2;334468;2;2;188,0176;2;2;2;2;130,52885
112141;11214102;1984;1;1;2;3;2;2;5;4;1;5;5;1;2;343721,7095;6304799,918;2;2;2;3;2;2;1;1;J;1;500000;3;500000;3;0;2;2;2;2;5223;62,04344
112181;11218101;1961;2;2;2;1;2;2;5;3;1;2;2;1;2;345618,4759;6304391,849;2;2;2;3;2;2;1;5;J;1;200000;1;200000;1;0;2;2;2;2;7207;235,88269
112181;11218102;1969;1;1;2;3;2;2;5;4;1;2;2;1;2;345618,4759;6304391,849;2;2;2;3;2;2;1;5;J;1;220000;2;220000;2;0;2;2;2;2;7207;257,53201
112410;11241002;1942;1;4;2;1;2;2;4;5;3;2;2;2;2;2;2;2;2;2;3;2;2;1;5;J;1;160000;1;160000;1;0;2;2;2;802;2;104,06963
112471;11247101;1950;1;1;2;3;2;2;9;4;3;2;2;2;2;2;2;2;2;2;3;2;2;1;5;J;1;500000;3;500000;3;0;224,7907;2;2;2;2;108,62554
112521;11252101;1951;2;1;2;3;2;2;5;1;1;2;2;1;2;0;0;2;2;2;3;2;2;1;5;J;1;500000;3;500000;3;0;2;2;2;1059;2;86,76797
112581;11258102;1974;1;1;2;3;2;2;5;4;1;5;5;1;2;333182,3908;6303280,696;2;2;2;3;2;2;1;5;J;1;3;3;671983;3;2;2;2;2715,828;2;2;144,89162
112791;11279101;1974;1;1;2;3;2;2;5;4;1;5;5;1;2;337696,2031;6302687,278;2;2;2;3;2;3;1;1;J;1;3;3;421484;3;2;437,7766;2;2;2;2;122,87096
112791;11279102;1993;1;3;2;1;2;2;5;4;1;5;8;1;2;343811,51;6306721,17;2;2;2;3;2;2;1;5;J;1;350000;2;350000;2;0;373,0355;2;2;2;2;122,40007
112791;11279103;1972;2;2;2;1;2;2;5;4;1;5;2;1;2;343811,51;6306721,17;2;2;2;3;2;2;1;5;J;1;370000;2;370000;2;0;330,0769;2;2;2;2;106,42846
112821;11282102;1973;2;2;2;3;2;2;5;4;1;5;8;1;2;349264;6294587,23;2;2;2;3;2;4;1;5;J;1;3;3;669551;3;2;69,18306;2;2;2;2;11,62395
112871;11287101;1961;2;1;2;3;2;2;5;4;4;2;2;2;2;2;2;2;2;2;3;2;2;1;5;J;2;0;0;0;0;0;384,3544;2;2;2;2;111,37147
112871;11287102;1983;2;3;2;3;2;2;5;4;4;2;2;2;2;2;2;2;2;2;3;2;2;1;5;J;2;0;0;0;0;0;273,6855;2;2;2;2;82,80555
112871;11287103;1960;1;2;2;3;2;2;5;4;1;2;5;1;2;345412,2322;6304430,983;2;2;2;3;2;3;1;1;J;1;600000;3;600000;3;0;384,355;2;2;2;2;121,59315
112941;11294101;1984;1;1;2;4;2;2;5;4;1;5;2;1;2;343811,51;6306721,17;2;2;2;3;2;2;1;5;J;1;350000;2;350000;2;0;2;2;2;401;2;16,36008
112951;11295105;1977;1;3;2;4;2;2;5;4;1;5;8;1;2;346904,93;6305278,22;2;2;2;3;2;2;1;5;J;1;3;2;312326;2;2;2;3514;2;2;2;122,84184
113091;11309101;1983;1;3;2;3;2;2;5;4;1;5;8;1;2;343283,4689;6304425,151;2;2;2;3;2;3;1;2;J;1;430000;3;430000;3;0;219,7315;2;2;2;2;71,84843
113131;11313101;1963;2;1;2;3;2;2;10;4;1;4;7;1;2;345991,7427;6301179,244;2;2;2;3;2;2;1;5;J;1;450000;3;450000;3;0;56,65594;2;2;2;2;24,82305
113161;11316101;1934;1;1;2;3;2;2;5;4;3;2;2;2;2;2;2;2;2;2;3;2;7;1;7;5;J;1;3;1;134966;1;2;169,3344;2;2;2;2;66,31224
113161;11316102;1958;1;4;2;3;2;2;5;4;7;2;2;2;2;2;2;2;2;2;2;2;7;1;7;J;2;0;0;0;0;0;232,2494;2;2;2;2;85,67377
113301;11330102;1952;1;1;2;4;2;2;5;1;1;5;5;1;2;347230,16;6304144,72;2;2;2;3;2;2;1;5;J;1;280000;2;280000;2;0;31,517;2;2;2;2;11,26018
113331;11333102;1982;1;1;2;3;2;2;10;4;1;5;8;1;2;351355,9163;6298271,801;2;2;2;3;2;3;1;1;5;J;1;600000;3;600000;3;0;533,7147;2;2;2;2;105,71098
113331;11333103;2002;2;3;2;1;1;2;4;5;2;2;2;2;4;2;2;345776,0432;6304617,242;2;2;2;2;2;1;J;2;0;0;0;0;0;533,7391;2;2;2;2;140,68564
113361;11336102;1963;1;1;2;2;2;2;5;4;1;5;5;1;2;335402,5317;6299623,392;2;2;2;3;2;3;1;5;J;1;380000;2;380000;2;0;87,00986;2;2;2;2;6,28793
113401;11340101;1980;1;1;2;3;2;2;5;4;1;5;5;1;2;346607,7917;6299565,368;2;2;2;3;2;2;1;1;J;1;3;3;439310;3;2;666,1725;2;2;2;2;62,04344
113411;11341101;1956;2;2;2;3;2;2;5;4;1;5;5;1;2;342652,9117;6306480,61;2;2;2;3;2;2;1;5;J;1;350000;2;350000;2;0;2;2;2;401;2;9,90258
113421;11342101;1982;1;1;2;3;2;2;5;4;1;5;5;1;2;0;0;2;2;2;3;2;3;1;5;J;1;400000;2;400000;2;0;255,9688;2;2;2;2;82,38156
113481;11348101;1975;2;2;2;3;2;2;5;4;4;2;2;2;2;2;2;2;2;2;3;2;4;1;5;J;2;0;0;0;0;0;2;2;2;1772;2;136,70392
113481;11348102;1972;1;1;2;3;2;2;5;4;1;5;5;1;2;346904,93;6305278,22;2;2;2;3;2;2;1;5;J;1;700000;3;700000;3;0;2;2;2;1772;2;157,82378
113501;11350103;1960;2;3;2;3;2;2;5;3;1;5;8;1;2;2;2;2;2;2;3;2;2;1;5;J;1;340000;2;340000;2;0;29,25802;2;2;2;2;96,09486
113550;11355002;1963;1;3;2;3;2;2;10;4;1;5;1;1;2;340415,9062;6310369,677;2;2;2;3;2;2;1;5;J;1;600000;3;600000;3;0;945,8843;2;2;2;2;352,98383
113801;11380102;1977;2;2;2;3;2;2;5;2;1;5;2;1;2;342503,3902;6300589,884;2;2;2;3;2;2;1;5;J;1;3;2;211379;2;2;272,5483;2;2;2;2;45,40492
113821;11382102;1977;1;1;2;3;2;2;5;4;1;5;5;1;2;346446,4;6299462,53;2;2;2;3;2;2;1;5;J;1;450000;3;450000;3;0;2;2;2;802;2;62,04344
113851;11385105;1962;1;1;2;3;2;2;5;4;1;5;5;1;2;333182,3908;6303280,696;2;2;2;3;2;2;1;5;J;1;3;3;423592;3;2;318,7349;2;2;2;2;1538,10107
113861;11386102;1984;1;4;2;3;2;2;5;4;1;5;5;1;2;343970,0799;6325098,879;2;2;2;3;2;2;1;5;J;1;500000;3;500000;3;0;2;2;2;596;2;122,87096
113891;11389102;1946;1;1;2;3;2;2;4;7;1;5;8;4;2;342832,3053;6305456,226;2;2;2;3;2;2;1;5;J;1;3;2;201719;2;2;2;2;4411,335;2;2;135,66286
113971;11397102;1992;2;3;4;4;2;2;5;4;1;5;5;1;2;346771,223;6296087,363;2;2;2;2;2;10;1;7;J;1;3;1;42087;1;2;2;2;2;1020;2;64,94193
114031;11403101;1981;2;1;2;3;2;2;10;3;1;3;3;1;2;2;2;2;2;2;2;2;4;2;7;J;1;3;3;535826;3;2;605,7103;2;2;2;2;95,26297
114031;11403103;2009;1;3;3;1;2;2;2;2;2;2;2;2;2;2;2;2;2;2;2;2;4;2;7;J;2;0;0;0;0;0;470,7705;2;2;2;2;75,26047
114070;11407001;1974;1;1;4;3;2;2;4;5;1;2;2;2;2;344413,901;6285518,306;2;2;2;2;2;10;2;7;J;1;3;2;302139;2;2;2;2;2;2;1106;66,44218
114091;11409102;1979;1;2;2;3;2;2;5;4;1;2;5;1;2;351874,326;6288780,716;2;2;2;3;2;2;1;5;J;1;500000;3;500000;3;0;137,5054;2;2;2;2;66,69988
114131;11413105;1985;2;4;2;1;2;2;5;4;4;2;2;2;2;2;2;2;2;2;3;2;10;2;2;J;2;0;0;0;0;0;2;2;2;594;2;45,99521
114163;11416301;1988;1;1;5;3;2;2;5;4;1;2;5;1;2;2;2;2;2;2;2;2;4;2;7;J;1;3;7;317445;2;1;175,2973;2;2;2;2;35,60742
114170;11417001;1959;1;1;2;3;2;2;5;1;1;2;8;1;2;345733,2482;6284581,202;2;2;2;2;2;4;2;2;6;J;1;3;2;219249;2;2;457,3742;2;2;2;2;130,64734
114263;11426301;1989;1;1;4;3;2;2;9;3;1;5;1;1;2;342761,1976;6306896,081;2;2;2;3;2;4;1;5;J;1;3;3;407989;3;2;2;2;2;703;2;682,28638
114263;11426302;1959;1;3;2;2;2;2;7;4;1;5;2;1;2;342480,1373;6287236,933;2;2;2;3;2;4;1;5;J;1;450000;3;450000;3;0;2;2;2;703;2;739,70337
114273;11427303;1988;1;4;4;4;2;2;5;1;1;5;2;1;2;346480,9702;6298258,56;2;2;2;3;2;2;1;5;J;1;230000;2;230000;2;0;2;2;2;2;1106;182,15079
114302;11430201;1962;1;1;1;2;2;2;5;4;1;5;5;1;2;341576,47;6281541,352;2;2;2;3;2;10;1;5;J;1;600000;3;600000;3;0;2;2;2;750;2;44,64729
114302;11430203;1987;1;3;4;4;2;2;5;4;6;2;2;2;2;2;2;2;2;2;9000071;2;2;1;1;J;2;0;0;0;0;0;2;2;2;750;2;50,59503
114313;11431303;1986;1;3;2;3;2;2;11;5;1;4;4;1;2;345497,955;6285281,117;2;2;2;2;2;4;1;7;J;1;3;2;226681;2;2;2;2;873,3857;2;2;135,80173
114373;11437301;1972;1;1;3;3;2;2;5;4;1;5;1;1;2;349074,0826;6297068,288;2;2;2;2;2;4;2;7;J;1;3;2;305603;2;2;74,14764;2;2;2;2;31,74885
114373;11437303;1995;1;3;2;1;1;2;5;3;2;2;2;2;4;2;2;346125,5492;6291068,603;2;2;2;3;2;2;J;2;0;0;0;0;0;75,14418;2;2;2;2;33,91695
114380;11438001;1980;1;1;6;3;2;2;5;4;6;2;2;2;2;2;2;2;2;2;3;2;2;1;5;J;2;0;0;0;0;0;217,6374;2;2;2;2;70,82752
114380;11438002;1979;2;2;4;3;2;2;7;4;1;5;3;1;2;347517,1182;6298462,636;2;2;2;3;2;2;1;5;J;1;300000;2;300000;2;0;185,8193;2;2;2;2;67,41305
114380;11438003;2011;2;3;2;1;2;2;1;0;2;2;2;2;2;2;2;2;2;2;2;2;10;2;5;J;2;0;0;0;0;0;144,4227;2;2;2;2;53,25813
114380;11438004;2011;1;3;2;1;2;2;1;0;2;2;2;2;2;2;2;2;2;2;2;2;2;2;5;J;2;0;0;0;0;0;144,4227;2;2;2;2;53,25813
114380;11438005;2013;1;3;2;1;2;2;1;0;2;2;2;2;2;2;2;2;2;2;2;2;10;2;5;J;2;0;0;0;0;0;144,4227;2;2;2;2;53,25813
114503;11450301;1960;1;1;5;3;2;2;4;8;1;5;5;1;2;348392,8923;6296132,378;2;2;2;2;2;2;2;7;J;1;3;1;156056;1;2;405,7586;2;2;2;2;180,89572
114571;11457103;1987;2;3;2;3;2;2;5;4;1;2;5;1;2;2;2;2;2;2;3;2;2;1;5;J;1;400000;2;400000;2;0;203,1223;2;2;2;2;89,02435
114621;11462104;1964;1;2;2;3;2;2;5;4;1;2;2;1;2;346806,4755;6297170,114;2;2;2;3;2;10;1;5;J;1;450000;3;450000;3;0;122,4395;2;2;2;2;68,76217
114643;11464301;1946;1;1;2;3;2;2;6;1;3;2;2;2;2;2;2;2;2;2;2;2;10;2;7;J;1;3;7;148540;1;1;2;2;2;2;778;69,0709
114702;11470202;1956;1;1;2;3;2;2;7;4;1;2;5;1;2;343535,9762;6283923,462;2;2;2;2;2;4;2;1;2;J;1;3;3;448863;3;2;246,2245;2;2;2;2;83,82473
114703;11470301;1967;2;2;7;3;2;2;7;5;4;2;2;2;2;2;2;2;2;2;3;2;4;1;5;J;2;0;0;0;0;0;567,0984;2;2;2;2;582,02185
114703;11470302;1970;1;1;2;3;2;2;11;5;1;5;5;1;2;333182,3908;6303280,696;2;2;2;2;2;7;1;4;J;1;1500000;4;1500000;4;0;637,7952;2;2;2;2;689,63171
114723;11472301;1956;2;1;3;3;2;2;11;5;1;5;1;1;2;0;0;2;2;2;2;2;4;2;7;J;1;3;7;552318;3;1;689,6122;2;2;2;2;168,27716
114791;11479104;1938;1;2;2;3;2;2;4;7;1;4;5;1;2;345387,37;6285843,03;2;2;2;3;2;2;1;5;J;1;400000;2;400000;2;0;121,1521;2;2;2;2;34,17354
114823;11482304;1979;1;3;3;3;2;2;10;2;1;5;3;1;2;346506,0368;6300632,408;2;2;2;3;2;7;1;5;J;1;3;3;710903;3;2;72,14559;2;2;2;2;22,11407
114883;11488301;1970;1;1;2;3;2;2;4;7;1;5;1;1;2;341929,9045;6287780,399;2;2;2;3;2;7;1;5;J;1;450000;3;450000;3;0;103,5722;2;2;2;2;51,75999
114993;11499302;1949;2;2;4;1;2;2;4;8;4;2;2;2;2;2;2;2;2;2;12459393;2;10;1;2;5;J;2;0;0;0;0;0;2;2;757,1772;2;2;31,28284
115001;11500103;1970;2;3;2;1;2;2;5;4;1;2;2;1;2;345265,9385;6286897,686;2;2;2;3;2;3;1;1;4;J;1;3;2;202633;2;2;2;722;2;2;2;71,19595
115012;11501201;1965;2;1;2;3;2;2;9;2;1;4;3;1;2;345199,6098;6286044,333;2;2;2;2;2;4;2;7;J;1;3;2;303712;2;2;106,6262;2;2;2;2;59,72791
115022;11502202;1967;2;2;2;3;2;2;5;4;1;5;5;1;2;347240,1626;6298983,105;2;2;2;3;2;2;1;5;J;1;500000;3;500000;3;0;96,60784;2;2;2;2;51,12576
115040;11504002;1989;1;3;2;1;2;2;7;1;1;5;2;1;2;345381,5797;6297899,754;2;2;2;3;2;2;2;2;J;1;200000;1;200000;1;0;217,7023;2;2;2;2;104,0937
115191;11519101;1952;2;1;2;1;2;2;6;4;4;2;2;2;2;2;2;2;2;2;2;2;10;2;7;6;1;3;1;178036;1;2;2;1813;2;2;2;115,39457
115243;11524301;1963;1;1;4;2;2;2;5;4;1;2;5;1;2;344553,8828;6283915,261;2;2;2;2;2;10;2;7;J;1;3;2;380698;2;2;2;160;2;2;2;36,15461
115253;11525304;1985;1;3;2;3;2;2;11;5;1;5;1;1;2;0;0;2;2;2;3;2;4;1;5;J;1;3;3;574860;3;2;2;2;2;2;989;77,62119
115261;11526103;1970;1;3;2;3;2;2;5;4;1;5;5;1;2;294779,0192;6270444,659;2;2;2;3;2;2;1;5;J;1;450000;3;450000;3;0;2;4026;2;2;2;73,01749
115280;11528001;1949;1;1;2;2;2;2;5;4;1;2;7;1;2;2;2;2;2;2;2;2;4;2;7;J;1;3;2;339399;2;2;225,0403;2;2;2;2;99,0965
115313;11531303;1979;1;3;2;1;2;2;4;8;1;5;8;1;2;324196,2983;6315723,666;2;2;2;3;2;2;1;6;5;J;1;3;2;256067;2;2;237,9032;2;2;2;2;93,53346
115421;11542103;1984;2;3;2;3;2;2;10;4;1;5;4;1;2;344445,1824;6283046,589;2;2;2;3;2;2;1;5;J;1;600000;3;600000;3;0;83,70026;2;2;2;2;52,04853
115421;11542104;1982;2;3;2;1;2;2;5;4;1;5;5;1;2;341762,0251;6281705,023;2;2;2;3;2;2;1;5;J;1;400000;2;400000;2;0;83,70026;2;2;2;2;52,04853
115421;11542105;2009;1;4;2;1;2;2;2;1;2;2;2;2;2;2;2;341914,9521;6281792,838;2;2;2;2;2;5;J;2;0;0;0;0;0;65,05354;2;2;2;2;41,11974
115440;11544002;1952;1;1;2;3;2;2;4;8;1;2;2;1;2;343995,255;6281704,835;2;2;2;3;2;4;1;5;J;1;1000000;4;1000000;4;0;2;2;2;750;2;45,78532
115440;11544003;1972;1;3;4;2;2;2;9;3;1;2;5;1;2;341576,47;6281541,352;2;2;2;2;2;10;1;1;J;1;450000;3;450000;3;0;2;2;2;750;2;59,08755
115461;11546103;1989;1;3;2;3;4;2;2;5;4;1;5;5;1;2;346240,5245;6296634,386;2;2;2;3;2;4;1;1;2;J;1;3;3;718460;3;2;163,2343;2;2;2;2;43,75854
115471;11547101;1986;1;1;2;3;2;2;5;4;1;5;8;1;2;2;2;2;2;2;3;2;2;1;5;J;1;550000;3;550000;3;0;128,3787;2;2;2;2;58,65521
115502;11550201;1948;1;1;2;3;2;2;5;4;1;2;5;4;2;345064,6146;6285944,22;2;2;2;3;2;2;1;5;J;1;3;1;193196;1;2;48,32145;2;2;2;2;42,16365
115510;11551001;1953;1;1;2;3;2;2;4;4;1;2;2;1;2;345673,1098;6284708,864;2;2;2;2;2;10;2;7;J;1;3;2;349738;2;2;2;2;2;750;2;45,78532
115623;11562301;1939;1;1;4;1;2;2;4;8;3;2;2;2;2;2;2;2;2;2;3;2;10;1;5;J;1;140000;1;140000;1;0;310,0201;2;2;2;2;69,02296
115623;11562302;1944;2;2;6;1;2;2;4;6;4;2;2;2;2;2;2;2;2;2;3;2;10;1;5;J;2;0;0;0;0;0;334,1396;2;2;2;2;76,97766
115640;11564001;1952;1;1;2;3;2;2;4;6;1;2;2;3;2;345064,0486;6285945,04;2;2;2;3;2;2;1;2;5;J;1;3;2;399189;2;2;2;2;690,6272;2;2;76,96182
115640;11564002;1948;2;2;2;1;2;2;4;6;1;2;2;3;2;345064,0486;6285945,04;2;2;2;3;2;2;1;2;5;J;1;3;1;123658;1;2;2;2;575,2662;2;2;75,83593
115691;11569103;1999;1;3;4;1;1;2;4;8;2;2;2;2;4;2;2;344397,84;6286276,859;2;2;2;2;1;5;J;2;0;0;0;0;0;46,65489;2;2;2;2;22,53599
115710;11571001;1959;1;1;2;3;2;2;4;8;1;5;1;1;2;351117,1128;6301540,005;2;2;2;3;2;2;1;2;5;J;1;3;2;258375;2;2;2;2;2;2;1106;32,86276
115710;11571002;1962;2;2;2;3;2;2;5;4;4;2;2;2;2;2;2;2;2;2;3;2;10;1;6;5;J;2;0;0;0;0;0;2;2;2;2;1106;27,73486
115710;11571003;1979;2;3;3;3;2;2;5;3;2;2;2;2;6;2;2;345016,8892;6297334,108;2;2;2;2;1;6;5;J;2;0;0;0;0;0;2;2;2;2;1106;35,44527
115710;11571004;1994;2;3;3;1;1;2;5;4;6;2;2;2;2;2;2;2;2;2;3;2;4;1;5;J;2;0;0;0;0;0;2;2;2;2;1106;24,3499
115710;11571005;2000;1;3;3;1;1;2;4;5;2;2;2;2;4;2;2;342869,2586;6283851,735;2;2;2;6;1;5;J;2;0;0;0;0;0;2;2;2;2;1106;34,49569
115753;11575302;1967;1;1;2;3;2;2;5;2;1;5;1;1;2;351524,4621;6304250,262;2;2;2;3;2;2;2;2;J;1;450000;3;450000;3;0;103,5722;2;2;2;2;51,75999
115770;11577004;1989;1;3;2;1;2;2;9;2;1;5;1;1;2;2;2;2;2;2;3;2;4;2;4;6;J;1;3;2;273263;2;2;66,37865;2;2;2;2;52,91178
115793;11579301;1976;1;1;4;3;2;2;11;5;1;5;1;1;2;347540,9543;6293604,647;2;2;2;3;2;4;1;5;J;1;750000;3;750000;3;0;241,8725;2;2;2;2;59,10786
115803;11580301;1984;1;1;2;3;2;2;5;4;1;5;2;1;2;0;0;2;2;2;2;2;7;2;7;J;1;450000;3;450000;3;0;2;2;2006,685;2;2;168,47017
115803;11580302;1984;2;2;2;3;1;2;10;2;2;2;2;2;6;2;2;345476,4347;6297928,988;2;2;2;2;1;5;J;2;0;0;0;0;0;2;2;1671,492;2;2;160,34836
115803;11580304;2010;2;3;2;1;2;2;1;0;2;2;2;2;2;2;2;2;2;2;2;2;10;2;5;J;2;0;0;0;0;0;2;2;1432,046;2;2;126,67961
115860;11586003;1993;1;3;2;1;2;2;5;4;1;5;8;1;2;2;2;2;2;2;3;2;11;2;2;5;J;1;3;1;152778;1;2;334,1066;2;2;2;2;107,39794
115921;11592101;1978;1;1;2;2;2;2;5;4;1;5;1;1;2;2;2;2;2;2;2;2;11;2;7;J;1;400000;2;400000;2;0;80,12795;2;2;2;2;55,64402
115943;11594301;1945;1;1;6;3;2;2;5;4;1;2;5;4;2;343913,7595;6286456,913;2;2;2;2;2;10;2;7;J;1;3;2;351870;2;2;337,2061;2;2;2;2;477,41275
115943;11594302;1960;2;2;2;1;2;2;5;3;1;7;8;1;2;345057,6643;6288539,455;2;2;2;3;2;2;1;1;5;J;1;3;1;99418;1;2;458,6184;2;2;2;2;614,97583
115943;11594303;1982;1;3;2;4;2;2;11;5;1;5;8;1;2;345977,4497;6292271,891;2;2;2;2;2;10;2;1;6;J;1;3;2;368103;2;2;673,2113;2;2;2;2;825,75061
115943;11594304;1983;2;3;4;1;2;2;11;4;1;5;2;1;2;343255,4838;6303373,536;2;2;2;3;2;2;2;2;J;1;3;2;358678;2;2;574,7896;2;2;2;2;785,94238
115951;11595101;1949;1;1;2;1;2;2;5;4;7;2;2;2;2;2;2;2;2;2;3;2;11;1;1;5;J;1;3;2;290653;2;2;2;1185;2;2;2;117,10777
115951;11595102;1939;2;2;2;1;2;2;5;4;4;7;2;2;2;2;2;2;2;2;2;2;2;11;1;1;5;I;2;0;0;0;0;0;2;1813;2;2;2;97,44772
116010;11601001;1968;2;1;1;1;2;2;5;4;4;2;2;2;2;2;2;2;2;2;3;2;4;1;5;J;2;0;0;0;0;0;2;2;2;2;757;40,03829
116010;11601002;1960;1;2;1;3;2;2;5;4;1;5;5;1;2;348862,226;6295712,832;2;2;2;3;2;2;1;1;J;1;350000;2;350000;2;0;2;2;2;2;757;47,44101
116010;11601003;1994;1;3;1;1;1;2;7;3;2;2;2;2;4;2;2;346708,4344;6287593,811;2;2;2;2;1;1;J;2;0;0;0;0;0;2;2;2;2;757;43,75854
116073;11607302;1967;2;3;2;3;2;2;11;4;1;5;4;1;2;346631,2408;6290055,688;2;2;2;3;2;2;1;5;J;1;450000;3;450000;3;0;137,6776;2;2;2;2;164,18094
116073;11607303;1958;1;4;2;3;2;2;11;4;1;5;4;1;2;346631,2408;6290055,688;2;2;2;3;2;2;1;5;J;1;480000;3;480000;3;0;163,047;2;2;2;2;194,53651
116073;11607304;2001;2;4;2;1;2;2;4;5;2;2;2;2;4;2;2;0;0;2;2;2;2;2;5;J;2;0;0;0;0;0;184,6835;2;2;2;2;198,63228
116080;11608004;2005;2;3;2;1;2;2;4;3;2;2;2;2;4;2;2;344559,4107;6286088,582;2;2;2;2;2;5;J;2;0;0;0;0;0;73,22332;2;2;2;2;50,1366
116080;11608005;2008;2;3;3;1;2;2;2;1;2;2;2;2;3;2;2;344559,4107;6286088,582;2;2;2;2;2;5;5;J;2;0;0;0;0;0;53,48654;2;2;2;2;41,84101
116090;11609002;1978;2;2;3;3;1;2;11;4;1;4;4;1;2;2;2;2;2;2;2;2;5;2;2;6;J;1;3;2;317217;2;2;247,644;2;2;2;2;121,72216
116090;11609003;2010;2;3;2;1;2;2;2;2;2;2;2;2;2;2;2;2;2;2;2;2;5;2;7;J;2;0;0;0;0;0;192,474;2;2;2;2;96,16392
116103;11610304;1986;1;3;2;3;4;2;2;5;4;1;5;2;1;2;2;2;2;2;2;2;2;4;2;1;4;J;1;3;2;331463;2;2;531,8539;2;2;2;2;280,28641
116103;11610305;1989;1;3;2;1;2;2;5;4;1;3;3;1;2;2;2;2;2;2;3;2;3;1;1;2;J;1;3;1;108124;1;2;460,2364;2;2;2;2;228,13863
116131;11613103;1984;1;3;2;3;2;2;5;4;1;5;5;1;2;2;2;2;2;2;3;2;2;1;5;J;2;0;0;274609;2;1;237,9032;2;2;2;2;93,53346
116162;11616202;1965;2;3;2;3;2;2;10;3;1;2;2;1;2;345535,2222;6286987,862;2;2;2;3;2;4;1;7;J;1;550000;3;550000;3;0;218,7436;2;2;2;2;92,29446
116210;11621003;1968;1;3;2;3;2;2;11;6;1;5;1;1;2;348056,2195;6293647,708;2;2;2;2;2;4;2;7;J;1;3;5;1778511;5;2;511,969;2;2;2;2;65,00986
116253;11625301;1973;1;1;3;3;2;2;5;4;1;5;1;1;2;345072,3141;6285327,953;2;2;2;3;2;7;2;7;J;1;350000;2;350000;2;0;116,3165;2;2;2;2;50,20761
116283;11628301;1970;1;1;4;3;2;2;7;2;1;2;2;1;2;345738,4517;6285405,089;2;2;2;2;2;4;2;7;J;1;250000;2;250000;2;0;126,2738;2;2;2;2;70,77099
116283;11628302;1974;2;2;4;1;2;2;5;2;1;2;2;1;2;345738,4517;6285405,089;2;2;2;3;2;10;1;2;5;J;1;150000;1;150000;1;0;133,6353;2;2;2;2;76,33241
116402;11640201;1964;1;1;2;3;2;2;10;2;1;5;8;1;2;340566,942;6285546,179;2;2;2;2;2;4;2;7;J;1;3;2;283465;2;2;2;2;2;2;989;66,02978
116421;11642102;1980;1;1;2;3;2;2;5;4;1;5;2;1;2;341886,8067;6281805,241;2;2;2;3;2;4;1;1;J;1;260000;2;260000;2;0;2;2;2;808;2;93,53346
116421;11642103;2002;1;3;1;1;2;2;4;2;2;2;2;2;4;2;2;345684,3151;6283912,753;2;2;2;9;2;5;J;2;0;0;0;0;0;2;2;2;808;2;86,63937
116430;11643001;1950;1;1;5;3;2;2;7;5;3;2;2;2;2;2;2;2;2;2;3;2;2;1;7;5;J;1;3;2;201680;2;2;107,0837;2;2;2;2;65,12305
116430;11643002;1935;2;2;3;1;2;2;8;3;3;2;2;2;2;2;2;2;2;2;3;2;2;1;7;J;1;3;2;271112;2;2;74,51025;2;2;2;2;54,19009
116430;11643004;1985;1;3;3;1;1;2;4;7;7;2;2;2;2;2;2;2;2;2;2;2;2;2;7;4;I;1;3;1;114267;1;2;138,0173;2;2;2;2;84,04341
116430;11643005;2006;1;4;2;1;2;2;2;2;2;2;2;2;4;2;2;0;0;2;2;2;2;2;7;J;2;0;0;0;0;0;126,1244;2;2;2;2;77,84888
116483;11648304;1992;1;3;2;1;2;2;5;4;1;5;2;1;2;2;2;2;2;2;3;2;4;1;4;5;J;1;3;1;69206;1;2;290,7817;2;2;2;2;214,84317
116570;11657001;1983;1;1;2;2;2;2;9;3;1;5;1;1;2;357407,0632;7384230,571;2;2;2;3;2;3;2;2;J;1;3;7;381643;3;1;2;2;2;703;2;58,65521
116570;11657002;1985;2;2;1;1;1;2;5;4;4;2;2;2;2;2;2;2;2;2;3;2;3;1;5;J;2;0;0;0;0;0;2;2;2;703;2;55,82753
116570;11657003;2007;2;3;1;1;2;2;2;1;2;2;2;2;2;2;2;344867,5181;6283287,341;2;2;2;10;2;7;J;2;0;0;0;0;0;2;2;2;703;2;44,10526
116570;11657004;2009;1;3;1;1;2;2;1;0;7;2;2;2;2;2;2;2;2;2;2;2;10;2;7;J;2;0;0;0;0;0;2;2;2;703;2;44,10526
116581;11658101;1976;2;1;2;3;2;2;11;4;1;3;4;1;2;0;0;2;2;2;2;2;4;2;7;J;1;3;2;343574;2;2;2;2;2;2;778;343,9101
116603;11660302;1988;2;3;4;3;2;2;11;5;1;3;4;1;2;344668,3679;6284120,889;2;2;2;3;2;4;1;7;J;1;3;3;705972;3;2;2;2;2;779;2;89,59108
116611;11661101;1973;1;1;2;3;2;2;5;4;1;5;1;1;2;344322,7643;6285716,73;2;2;2;3;2;7;2;5;J;1;3;3;562822;3;2;637,7846;2;2;2;2;2004,77905
116611;11661102;1965;2;2;2;3;2;2;7;4;1;4;5;1;2;343723,4861;6284780,847;2;2;2;3;2;2;1;5;J;1;3;4;1207430;4;2;637,7846;2;2;2;2;1653,14807
116611;11661103;1991;2;3;2;3;1;2;10;1;2;2;2;2;7;2;2;336820,2508;6289084,434;2;3;2;7;1;5;J;2;0;0;0;0;0;637,7317;2;2;2;2;1451,38599
116623;11662302;1991;2;3;2;1;2;2;5;4;4;2;2;2;2;2;2;2;2;2;3;2;2;2;2;J;2;0;0;0;0;0;140,7044;2;2;2;2;61,15718
116670;11667009;1991;1;4;2;2;3;2;2;5;2;1;5;8;1;2;2;2;2;2;2;3;2;2;1;1;3;J;1;230000;2;230000;2;0;238,5046;2;2;2;2;157,13045
116761;11676103;1987;1;4;2;3;2;2;5;4;1;5;5;1;2;2;2;2;2;2;3;2;2;1;5;J;1;600000;3;600000;3;0;206,7664;2;2;2;2;210,74512
116840;11684003;1989;2;3;1;1;1;2;11;3;2;2;2;2;8;2;2;2;2;2;2;2;2;1;1;3;J;2;0;0;0;0;0;2;2;2871,255;2;2;13,6167
116840;11684005;2011;2;3;1;1;2;2;1;0;2;2;2;2;2;2;2;2;2;2;2;2;10;2;1;3;J;2;0;0;0;0;0;2;2;2361,141;2;2;15,65944
116860;11686001;1967;1;1;3;3;2;2;9;2;1;2;5;1;2;345788,595;6286228,264;2;2;2;3;2;10;1;5;J;1;185000;1;185000;1;0;2;4968;2;2;2;187,53604
116952;11695201;1975;1;1;7;3;2;2;7;4;1;5;1;2;2;342454,9824;6297421,208;2;2;2;3;2;3;2;2;J;1;180000;1;180000;1;0;73,48995;2;2;2;2;47,28162
116952;11695202;1976;2;2;5;1;2;2;7;2;1;2;2;2;2;345654,5062;6283034,253;2;2;2;3;2;4;1;5;J;2;0;0;157156;1;1;62,7459;2;2;2;2;45,00226
116952;11695204;2004;2;3;2;1;2;2;4;4;2;2;2;2;4;2;2;345425,7496;6285267,146;2;2;2;4;2;5;J;2;0;0;0;0;0;67,15734;2;2;2;2;42,60185
116952;11695205;2005;2;3;2;1;2;2;4;6;2;2;2;2;4;2;2;345425,7496;6285267,146;2;2;2;4;1;5;J;2;0;0;0;0;0;67,15734;2;2;2;2;42,60185
116970;11697001;1948;1;1;3;3;2;2;11;4;1;4;4;1;2;341679,5857;6282173,078;2;2;2;2;2;4;2;7;J;1;3;4;1067614;4;2;2;2;2;1020;2;1197,94214
117010;11701001;1978;1;1;2;3;2;2;11;5;1;2;8;1;2;2;2;2;2;2;3;2;2;1;1;3;J;1;250000;2;250000;2;0;217,4797;2;2;2;2;53,76086
117023;11702301;1962;2;1;4;1;2;2;1;0;1;2;2;1;2;344441,1609;6283048,409;2;2;2;3;2;4;1;5;J;1;3;2;304868;2;2;2;2;2;703;2;43,68335
117023;11702302;1957;1;2;2;3;2;2;5;4;1;2;2;1;2;344441,1609;6283048,409;2;2;2;3;2;4;1;5;J;1;3;2;216094;2;2;2;2;2;703;2;51,75999
117033;11703301;1966;1;1;6;3;2;2;9;2;1;5;1;1;2;342288,2063;6289394,26;2;2;2;3;2;9;1;1;J;1;600000;3;600000;3;0;2;2;2;750;2;251,92288
117033;11703302;1964;2;2;4;1;2;2;9;2;1;2;5;1;2;349721,853;6301233,16;2;2;2;3;2;2;2;2;J;1;300000;2;300000;2;0;2;2;2;750;2;212,61275
117053;11705301;1964;1;1;8;2;2;2;5;4;1;5;5;1;2;345573,2619;6285243,084;2;2;2;3;2;2;1;5;J;1;450000;3;450000;3;0;55,15141;2;2;2;2;53,09017
117060;11706003;1964;2;3;2;1;2;2;5;4;1;3;3;1;2;345112,3484;6282935,355;2;2;2;3;2;2;1;5;J;1;3;2;393211;2;2;60,24705;2;2;2;2;48,41333
117073;11707301;1960;1;1;4;3;2;2;5;4;1;5;5;1;2;346569,9127;6298501,323;2;2;2;3;2;4;1;5;J;3;0;2;328521;2;2;188,4223;2;2;2;2;38,6039
117073;11707302;1964;2;2;2;1;2;2;5;4;1;5;3;1;2;356348,9575;6302423,434;2;2;2;3;2;4;1;5;J;3;0;2;322786;2;2;159,1046;2;2;2;2;32,58015
117073;11707303;2010;1;3;2;1;2;2;1;0;2;2;2;2;2;2;2;2;2;2;2;2;10;2;5;J;2;0;0;0;0;0;154,9831;2;2;2;2;32,89482
117090;11709002;1953;1;2;2;3;2;2;4;4;1;2;2;2;2;343232,0869;6286279,675;2;2;2;3;2;2;1;5;J;1;3;3;478272;3;2;2;2;2;2;757;1108,35046
117090;11709003;1987;2;3;4;3;2;2;9;3;1;5;2;1;2;353418,57;6303204,96;2;2;2;3;2;2;1;5;J;1;450000;3;450000;3;0;2;2;2;2;757;1361,40649
117120;11712001;1944;1;1;2;3;2;2;11;5;1;5;4;1;2;345420,8601;6299287,25;2;2;2;3;2;2;2;7;J;1;3;2;285406;2;2;458,2116;2;2;2;2;92,78503
117120;11712002;1953;2;2;2;1;2;2;11;4;1;3;4;1;2;346614,9102;6288422,774;2;2;2;3;99;2;2;2;J;1;3;2;242136;2;2;711,7758;2;2;2;2;122,53567
117131;11713101;1948;1;1;2;3;2;2;9;3;1;5;8;1;2;338597,2725;6295117,822;2;2;2;2;2;2;2;7;J;1;3;7;431234;3;1;175,2424;2;2;2;2;57,98062
117201;11720103;1959;1;3;1;3;2;2;7;4;1;5;1;1;2;335991,268;6303368,666;2;2;2;3;2;7;1;5;J;1;3;3;699512;3;2;2;2;2;2;757;119,8375
117232;11723201;1951;1;1;2;3;2;2;6;3;1;5;8;1;2;358421,553;6305425,836;2;2;2;2;2;2;1;7;J;1;3;2;218220;2;2;2;2;2;779;2;106,17307
117243;11724301;1968;1;1;2;1;2;2;5;1;1;5;5;1;2;335261,4961;6277953,096;2;2;2;3;2;2;1;5;J;1;187000;1;187000;1;0;276,9865;2;2;2;2;174,11226
117311;11731101;1966;1;1;3;3;1;2;5;4;1;5;8;1;2;353020,8146;6303031,762;2;2;2;2;2;2;1;7;J;1;3;3;748798;3;2;779,7475;2;2;2;2;745,15588
117311;11731102;1968;2;2;2;1;2;2;5;4;1;4;3;1;2;347791,4386;6298344,629;2;2;2;3;2;2;2;2;J;1;3;2;282643;2;2;733,6473;2;2;2;2;628,88123
117311;11731105;1944;1;4;2;3;2;2;5;4;1;5;4;1;2;351845,9964;6295964,719;2;2;2;2;2;4;2;2;6;J;1;3;2;244327;2;2;539,4252;2;2;2;2;488,20761
117330;11733003;1974;1;3;2;1;2;2;3;1;1;5;8;1;2;2;2;2;2;2;3;2;2;1;1;7;J;1;195000;1;195000;1;0;2;160;2;2;2;77,92226
117362;11736202;1961;1;2;2;3;2;2;5;4;1;2;2;1;2;342322,6476;6281374,716;2;2;2;2;2;4;2;5;J;1;700000;3;700000;3;0;182,2211;2;2;2;2;66,02978
117411;11741105;1982;1;4;2;4;2;2;7;4;1;6;1;1;2;370393,3612;6283093,503;2;2;2;3;2;2;1;1;J;1;350000;2;350000;2;0;2;2;2;750;2;98,56753
117441;11744101;1969;1;1;2;3;2;2;5;4;1;5;8;1;2;348279,9226;6287408,414;2;2;2;2;2;4;2;7;J;1;3;7;354839;2;1;2;2;2;2;1106;32,86276
117441;11744102;1961;2;2;2;1;2;2;5;4;4;2;2;2;2;2;2;2;2;2;2;2;4;1;5;J;2;0;0;0;0;0;2;2;2;2;1106;27,73486
117441;11744105;1994;2;3;2;1;1;2;5;4;2;2;2;2;4;2;2;345188,6966;6287097,869;2;3;2;10;1;6;5;J;2;0;0;0;0;0;2;2;2;2;1106;24,3499
117472;11747202;1966;1;4;4;2;3;4;2;2;7;4;1;5;5;1;2;342831,7041;6287956,412;2;2;2;2;2;2;1;4;7;J;1;300000;2;300000;2;0;112,9274;2;2;2;2;60,91447
117563;11756301;1977;1;1;2;3;2;2;5;2;1;5;1;1;2;334708,9855;6300565,035;2;2;2;3;2;7;1;5;J;1;250000;2;250000;2;0;128,3787;2;2;2;2;58,65521
117573;11757301;1980;1;1;2;3;2;2;7;4;1;2;8;1;2;357848,7987;6291987,865;2;2;2;2;2;10;2;7;J;1;3;3;443580;3;2;116,3165;2;2;2;2;50,20761
117590;11759003;1962;1;3;2;3;2;2;5;4;1;2;8;1;2;2;2;2;2;2;2;2;10;2;2;6;J;1;300000;2;300000;2;0;175,456;2;2;2;2;47,44101
117613;11761301;1963;1;1;4;2;2;2;5;4;1;2;5;1;2;345401,2;6286376,224;2;2;2;2;2;10;2;7;J;1;3;2;381761;2;2;233,5357;2;2;2;2;78,38213
117631;11763101;1954;1;1;2;3;2;2;5;4;1;5;5;1;2;2;2;2;2;2;3;2;2;1;5;J;1;350000;2;350000;2;0;403,4186;2;2;2;2;97,48045
117631;11763102;1994;2;3;2;1;1;2;5;4;2;2;2;2;4;2;2;2;2;2;3;2;2;2;5;J;2;0;0;0;0;0;307,5198;2;2;2;2;82,25605
117683;11768301;1979;1;1;2;3;2;2;5;4;1;5;1;1;2;344642,6589;6288200,751;2;2;2;2;2;4;2;1;6;J;1;3;2;289149;2;2;410,5538;2;2;2;2;116,88817
117741;11774102;1982;1;3;4;2;2;2;11;2;1;2;5;1;2;342437,8995;6281201,465;2;2;2;2;2;6;2;7;J;1;300000;2;300000;2;0;2;197;2;2;2;35,07029
117803;11780301;1949;2;1;3;1;2;1;11;5;3;2;2;2;2;2;2;2;2;2;3;2;2;1;1;J;1;600000;3;600000;3;0;2;2;2;2;4492;50,82847
117871;11787102;1976;1;1;2;3;2;2;7;4;1;5;5;1;2;2;2;2;2;2;3;2;2;1;5;J;1;450000;3;450000;3;0;2;4026;2;2;2;58,65521
117881;11788102;1950;1;2;2;1;2;2;7;4;1;2;2;1;2;351743,7066;6289928,427;2;2;2;3;2;2;1;5;J;1;3;2;393494;2;2;2;379;2;2;2;95,91171
117901;11790101;1956;1;1;2;2;2;2;5;4;1;2;5;1;2;347046,4771;6298823,653;2;2;2;2;2;10;2;7;J;1;3;7;409358;3;1;1147,539;2;2;2;2;1197,94214
117901;11790102;1959;2;2;5;2;2;2;5;4;1;2;8;3;2;343533,477;6283361,883;2;2;2;3;2;7;1;5;J;1;3;1;128072;1;2;1147,539;2;2;2;2;1151,37
117960;11796001;1960;1;1;2;3;2;2;4;6;1;2;2;1;2;346589,7757;6287084,146;2;2;2;2;2;10;2;7;J;1;3;2;385428;2;2;2;2;2;750;2;86,98039
117990;11799001;1969;2;1;2;3;2;2;5;5;1;5;2;1;2;345529,0519;6286930,441;2;2;2;2;2;2;2;7;J;1;3;2;379360;2;2;2;2;727,4971;2;2;70,24522
118011;11801101;1979;1;1;4;3;2;2;11;4;1;5;1;1;2;340781,6564;6313067,668;2;2;2;3;2;2;2;2;J;1;3;3;716265;3;2;141,8116;2;2;2;2;144,20673
118011;11801102;1979;2;2;4;1;2;2;5;4;4;2;2;2;2;2;2;2;2;2;2;2;4;2;7;J;2;0;0;0;0;0;121,0793;2;2;2;2;137,25471
118011;11801103;1999;1;3;4;1;2;2;4;7;2;2;2;2;4;2;2;345497,4252;6285281,902;2;2;2;10;2;7;J;2;0;0;0;0;0;129,5917;2;2;2;2;133,57768
118011;11801104;2003;2;3;4;1;2;2;4;3;3;2;2;2;2;2;2;2;2;2;2;2;10;2;7;J;2;0;0;62421;1;1;129,5917;2;2;2;2;129,93367
118011;11801105;2012;1;3;4;1;2;2;1;0;2;2;2;2;2;2;2;2;2;2;2;2;10;2;7;J;2;0;0;0;0;0;94,10524;2;2;2;2;108,43498
118102;11810202;1979;2;4;4;1;2;2;7;4;1;2;2;2;2;343959,5176;6284066,152;2;2;2;2;2;10;2;7;J;1;200000;1;200000;1;0;297,5206;2;2;2;2;148,78052
118291;11829101;1967;2;2;2;1;2;2;10;4;1;5;5;1;2;351090,3865;6301197,766;2;2;2;3;2;2;2;2;J;1;3;4;1540656;4;2;52,42533;2;2;2;2;33,05778
118291;11829102;1949;1;1;2;3;2;2;10;1;1;2;5;1;2;350683,3671;6300999,724;2;2;2;3;2;2;1;5;J;1;3;3;584837;3;2;35,01022;2;2;2;2;21,76998
118303;11830302;1974;2;2;2;3;2;2;5;4;1;5;2;1;2;316499,3605;6271572,109;2;2;2;2;2;11;2;7;J;1;3;2;352088;2;2;90,31243;2;2;2;2;76,55473
118303;11830304;2001;1;3;2;1;1;2;4;7;2;2;2;2;4;2;2;316543,07;6271696,74;2;2;2;11;2;7;J;2;0;0;0;0;0;82,19774;2;2;2;2;58,7603
118303;11830305;2004;1;3;2;1;2;2;4;4;2;2;2;2;4;2;2;316543,07;6271696,74;2;2;2;11;2;7;J;2;0;0;0;0;0;82,19774;2;2;2;2;58,7603
118303;11830306;2004;1;3;2;1;2;2;4;3;2;2;2;2;4;2;2;316543,07;6271696,74;2;2;2;11;2;7;J;2;0;0;0;0;0;82,19774;2;2;2;2;58,7603
118303;11830307;1998;2;3;2;1;1;2;5;2;2;2;2;2;4;2;2;322451,5577;6274056,671;2;2;2;2;2;7;J;2;0;0;0;0;0;91,21832;2;2;2;2;73,56012
118351;11835102;1977;1;4;2;1;2;2;5;4;1;5;1;2;2;0;0;2;2;2;2;2;4;2;7;J;1;300000;2;300000;2;0;50,44376;2;2;2;2;20,91752
118401;11840104;1966;1;1;2;3;2;2;5;2;1;5;8;2;2;0;0;2;2;2;2;2;11;2;7;J;1;400000;2;400000;2;0;74,86281;2;2;2;2;36,59988
118420;11842003;1966;1;1;2;3;2;2;5;4;1;5;8;1;2;320893,0563;6273520,47;2;2;2;2;2;2;2;5;J;1;3;7;327717;2;1;2;2;2;231;2;29,73269
118431;11843101;1968;2;2;2;1;2;2;10;4;1;4;3;1;2;316618,8117;6271756,559;2;2;2;2;2;2;1;7;J;1;3;3;408486;3;2;2;2;2;360;2;42,53632
118431;11843102;1966;1;1;4;3;2;2;7;4;1;5;1;1;2;321520,0761;6273608,384;2;2;2;2;2;2;2;7;J;1;3;7;318682;2;1;2;2;2;360;2;47,09405
118482;11848202;1963;1;3;2;1;2;2;4;8;7;2;2;2;2;2;2;2;2;2;2;2;10;2;7;I;1;111000;1;111000;1;0;233,077;2;2;2;2;219,56108
118601;11860102;1968;1;1;2;3;2;2;5;4;1;5;2;1;2;315720,9005;6271207,032;2;2;2;2;2;11;2;7;J;1;3;2;272954;2;2;73,4799;2;2;2;2;47,09405
118611;11861102;1981;1;3;1;2;2;2;7;4;1;5;8;1;2;339684,1771;6290660,455;2;2;2;2;2;11;2;7;J;1;300000;2;300000;2;0;47,20522;2;2;2;2;17,2125
118781;11878102;1991;1;1;2;1;2;2;5;4;1;5;1;1;2;340414,4638;6291032,289;2;2;2;3;2;2;1;5;J;1;3;2;300612;2;2;2;2;2;255;2;41,84537
118830;11883001;1952;1;1;2;2;3;2;2;4;6;1;5;8;1;2;2;2;2;2;2;3;2;2;1;1;3;J;1;210000;2;210000;2;0;2;376;2;2;2;13,74441
118921;11892101;1959;2;1;2;3;2;2;5;4;4;2;2;2;2;2;2;2;2;2;2;2;11;2;7;J;2;0;0;0;0;0;175,7527;2;2;2;2;64,6736
118961;11896102;1982;1;3;2;3;2;2;5;4;1;5;8;1;2;257454,0384;6281253,889;2;2;2;2;2;2;2;7;J;1;3;7;309019;2;1;2;2;2;211;2;18,63942
119040;11904001;1964;1;1;4;3;2;2;5;4;1;5;5;1;2;315721,1743;6271207,26;2;2;2;3;2;11;1;5;J;1;3;2;363927;2;2;68,01284;2;2;2;2;24,49091
119063;11906301;1980;2;2;5;3;2;2;5;4;4;2;2;2;2;2;2;2;2;2;2;2;11;2;7;J;2;0;0;0;0;0;110,7444;2;2;2;2;33,23501
119063;11906303;1999;2;3;2;1;1;2;4;8;2;2;2;2;4;2;2;315949,7917;6271593,177;2;2;2;11;2;7;J;2;0;0;0;0;0;100,7939;2;2;2;2;41,88564
119063;11906304;1999;2;3;1;1;1;2;4;7;2;2;2;2;4;2;2;0;0;2;2;2;11;2;7;J;2;0;0;0;0;0;100,7939;2;2;2;2;41,88564
119063;11906305;1976;1;1;2;3;2;2;5;2;1;5;8;1;2;0;0;2;2;2;2;2;11;2;7;J;1;3;2;330134;2;2;75,51637;2;2;2;2;23,98387
119070;11907004;1982;1;1;2;3;2;2;5;4;1;2;2;1;2;314748,2788;6271514,559;2;2;2;2;2;2;1;5;J;1;3;3;528836;3;2;54,49858;2;2;2;2;40,22269
119071;11907102;1978;1;1;2;3;2;2;5;1;1;5;5;1;2;316518,1349;6271637,812;2;2;2;2;2;2;1;5;J;1;3;2;203872;2;2;2;2;2;2;1028;23,98387
119081;11908101;1992;1;1;2;1;2;2;4;6;1;5;5;1;2;317465,8361;6270869,487;2;2;2;2;2;2;2;7;J;1;3;1;167214;1;2;2;2;2;2;795;32,52083
119181;11918102;1987;1;4;2;3;2;2;7;4;1;5;5;1;2;0;0;2;2;2;3;2;2;1;5;J;1;3;2;283824;2;2;2;2;2;300;2;44,70066
119310;11931001;1970;1;1;2;2;3;2;2;7;4;1;5;5;1;2;0;0;2;2;2;3;2;2;1;7;J;1;3;2;209258;2;2;93,52113;2;2;2;2;29,73269
119310;11931002;1986;2;2;2;1;2;2;7;4;1;3;7;1;2;316518,8567;6271643,705;2;2;2;3;2;2;1;7;J;1;3;2;304714;2;2;101,7201;2;2;2;2;35,18972
119321;11932102;1993;1;1;2;1;2;2;4;8;1;5;5;1;2;338782,94;6257778,99;2;2;2;2;2;10;2;7;J;1;3;7;220007;2;1;2;2;2;163;2;26,41895
119361;11936102;1978;1;1;2;3;2;2;5;4;1;5;5;1;2;0;0;2;2;2;3;2;2;1;5;J;1;3;3;697176;3;2;76,93762;2;2;2;2;18,63942
119371;11937102;2009;1;3;2;1;2;2;2;3;2;2;2;2;3;2;2;0;0;2;2;2;11;2;7;J;2;0;0;0;0;0;55,99606;2;2;2;2;66,42928
119371;11937104;1982;1;1;2;3;2;2;7;4;1;5;8;2;2;325495,3535;6279399,137;2;2;2;2;2;11;2;7;J;1;250000;2;250000;2;0;48,71235;2;2;2;2;68,11333
119393;11939301;1962;1;1;4;3;2;2;5;4;1;5;1;1;2;330604,15;6283142,69;2;2;2;3;2;11;2;7;J;2;0;0;298524;2;1;74,86281;2;2;2;2;36,59988
119393;11939303;2005;1;3;2;1;2;2;4;3;2;2;2;2;4;2;2;316658,7894;6271712,838;2;2;2;11;2;7;J;2;0;0;0;0;0;74,10978;2;2;2;2;33,2486
119401;11940101;1989;2;2;4;3;1;2;11;2;2;2;2;2;8;2;2;345016,8892;6297334,108;2;2;2;2;2;2;J;2;0;0;0;0;0;64,22122;2;2;2;2;38,441
119401;11940102;1986;1;1;3;3;2;2;9;3;1;5;5;1;2;346429,5711;6298608,232;2;2;2;3;2;2;2;2;J;1;3;7;342897;2;1;54,49858;2;2;2;2;40,22269
119401;11940103;2008;2;3;4;1;2;2;2;1;2;2;2;2;3;2;2;310477,1017;6270450,417;2;2;2;2;2;7;J;2;0;0;0;0;0;62,64743;2;2;2;2;39,22822
119401;11940104;2011;1;3;4;1;2;2;2;1;2;2;2;2;1;2;2;314790,9143;6271131,618;2;2;2;2;2;7;J;2;0;0;0;0;0;62,64743;2;2;2;2;39,22822
119413;11941301;1978;1;1;2;1;2;2;4;8;3;2;2;2;2;2;2;2;2;2;2;2;9;2;7;4;1;3;1;69074;1;2;46,33322;2;2;2;2;22,14782
119413;11941302;1959;2;2;2;1;2;2;6;1;4;2;2;2;2;2;2;2;2;2;2;2;9;2;7;J;2;0;0;0;0;0;43,74727;2;2;2;2;23,42177
119460;11946001;1952;1;1;2;3;2;2;6;6;1;5;8;1;2;0;0;2;2;2;2;2;10;2;7;J;1;230000;2;230000;2;0;35,01022;2;2;2;2;21,76998
119460;11946004;1979;1;3;2;2;3;2;2;5;3;1;5;8;1;2;0;0;2;2;2;3;2;2;1;1;3;J;1;200000;1;200000;1;0;55,52425;2;2;2;2;31,2597
119581;11958103;1988;1;1;2;1;2;2;5;4;1;5;1;1;2;352332,1419;6291006,991;2;2;2;2;2;2;2;7;J;1;3;7;261552;2;1;48,0894;2;2;2;2;41,84537
119631;11963102;1985;2;3;2;3;2;2;11;5;1;2;5;2;2;0;0;2;2;2;3;2;11;2;7;J;1;3;1;35982;1;2;2;2;69,58676;2;2;35,18972
119641;11964104;1973;2;2;1;3;2;2;5;4;1;2;2;2;2;0;0;2;2;2;2;2;10;2;7;J;1;3;2;230299;2;2;2;2;2666,744;2;2;55,73753
119660;11966002;1956;1;1;2;3;2;2;5;4;1;5;1;1;2;353551,4819;6293209,55;2;2;2;3;2;2;1;5;J;1;3;3;672733;3;2;620,9201;2;2;2;2;777,85992
119660;11966003;1980;1;3;2;3;2;2;10;4;1;3;5;1;2;316539,1297;6271669,943;2;2;2;2;2;2;2;7;J;1;3;3;406287;3;2;620,9201;2;2;2;2;1055,39893
119671;11967108;2011;2;4;2;1;2;2;2;3;7;2;2;2;2;2;2;2;2;2;2;2;11;2;7;J;2;0;0;0;0;0;46,41452;2;2;2;2;60,46467
119822;11982201;1942;1;1;2;3;2;2;11;5;3;2;2;2;2;2;2;2;2;2;9553745;2;2;1;7;J;1;3;4;1301238;4;2;313,4504;2;2;2;2;121,34155
119911;11991102;1985;2;4;4;3;2;2;9;4;1;5;2;1;2;336732,5876;6292301,338;2;2;2;3;2;2;2;2;J;1;240000;2;240000;2;0;2;2;2;2;1404;42,96139
119930;11993001;1991;1;1;3;3;2;2;7;4;1;5;5;1;2;336688,2405;6288711,717;2;2;2;3;2;2;1;2;J;1;3;2;201201;2;2;688,9516;2;2;2;2;185,13329
119930;11993003;2001;1;3;3;1;2;2;2;1;2;2;2;2;3;2;2;341092,2065;6291891,242;2;2;2;10;2;7;J;2;0;0;0;0;0;685,3141;2;2;2;2;148,9437
119951;11995101;1984;1;1;2;1;2;2;7;4;1;5;2;1;2;346514,047;6297119,219;2;2;2;3;2;2;1;1;J;1;300000;2;300000;2;0;2;2;2;2;585;74,00152
119971;11997101;1940;1;1;2;1;2;2;6;4;1;2;2;2;2;2;2;2;2;2;3;2;2;1;4;6;J;1;3;2;366347;2;2;281,6501;2;2;2;2;52,9963
120062;12006202;1976;1;3;7;2;2;2;10;1;1;2;5;1;2;343212,2885;6296230,31;2;2;2;2;2;2;1;5;5;J;1;3;2;345719;2;2;442,5087;2;2;2;2;492,92822
120062;12006203;1983;2;4;3;1;2;2;5;4;1;2;5;2;2;341965,3084;6294749,23;2;2;2;3;2;2;1;5;J;1;3;7;196132;1;1;381,0265;2;2;2;2;335,58252
120062;12006204;2008;2;4;5;1;2;2;2;1;2;2;2;2;2;2;2;342570,5896;6297059,729;2;2;2;11;2;7;J;2;0;0;0;0;0;442,5087;2;2;2;2;367,94055
120062;12006205;2013;1;4;3;1;2;2;1;0;2;2;2;2;2;2;2;2;2;2;2;2;11;2;7;J;2;0;0;0;0;0;442,5087;2;2;2;2;367,94055
120081;12008102;1957;1;1;2;1;2;2;4;8;1;2;2;2;2;340715,8542;6294849,217;2;2;2;3;2;2;1;5;J;1;3;3;670112;3;2;57,05514;2;2;2;2;48,81237
120130;12013003;1986;2;3;1;3;2;2;11;5;6;2;2;2;2;2;2;2;2;2;3;2;2;1;5;J;2;0;0;0;0;0;425,8255;2;2;2;2;97,84057
120141;12014101;1955;1;1;2;3;2;2;5;4;1;2;2;2;2;346539,145;6298752,387;2;2;2;3;2;4;1;5;6;J;1;300000;2;300000;2;0;256,2213;2;2;2;2;110,3962
120141;12014102;1962;2;2;2;3;2;2;5;4;1;2;2;2;2;346539,145;6298752,387;2;2;2;3;2;4;1;4;5;J;1;150000;1;150000;1;0;320,5587;2;2;2;2;135,22211
120171;12017101;1969;1;1;2;3;2;2;11;5;1;5;5;1;2;343099,0373;6296833,938;2;2;2;2;2;4;2;7;J;1;3;7;502889;3;1;564,8566;2;2;2;2;153,35927
120171;12017104;2002;2;3;2;1;2;2;4;5;2;2;2;2;4;2;2;341853,635;6297975,393;2;2;2;7;2;3;7;J;2;0;0;0;0;0;386,3883;2;2;2;2;161,63983
120171;12017105;2000;1;3;2;1;2;2;4;6;2;2;2;2;4;2;2;0;0;2;2;2;7;1;5;J;2;0;0;0;0;0;386,3883;2;2;2;2;101,8417
120241;12024101;1987;1;1;2;3;2;2;5;2;1;5;1;1;2;356265,5452;6303943,627;2;2;2;3;2;2;1;5;J;1;300000;2;300000;2;0;2;3799;2;2;2;422,37106
120241;12024102;1984;2;2;2;1;2;2;4;8;4;2;2;2;2;2;2;2;2;2;2;2;4;2;2;5;J;2;0;0;0;0;0;2;3799;2;2;2;287,54761
120311;12031101;1968;1;1;4;1;2;2;5;3;1;5;5;1;2;346493,1824;6298244,89;2;2;2;3;2;6;2;2;J;1;193000;1;193000;1;0;2;2;2;2;585;27,95643
120311;12031102;1971;2;2;2;1;2;2;5;4;1;7;6;1;2;348318,1359;6299727,453;2;2;2;3;2;2;2;2;J;1;130000;1;130000;1;0;2;2;2;2;585;24,74169
120311;12031103;1990;1;3;2;1;1;2;11;2;2;2;2;2;8;2;2;344934,3895;6297776,112;2;2;2;2;2;2;J;2;0;0;0;0;0;2;2;2;2;585;23,07595
120311;12031104;1997;1;3;2;1;1;2;7;1;2;2;2;2;4;2;2;344038,8167;6296819,463;2;2;2;2;2;2;J;2;0;0;0;0;0;2;2;2;2;585;17,08976
120372;12037201;1949;1;1;4;3;2;2;4;7;1;5;2;1;2;339569,9951;6295749,531;2;2;2;2;2;9;1;2;J;1;3;2;357794;2;2;812,6636;2;2;2;2;1924,92993
120382;12038202;1976;2;3;2;3;2;2;10;2;1;5;2;1;2;341438,6576;6287124,662;2;2;2;3;2;2;1;7;I;1;3;3;795406;3;2;125,8769;2;2;2;2;185,05156
120452;12045205;1987;1;3;2;3;2;2;11;5;1;5;5;1;2;348274,5355;6287414,319;2;2;2;2;2;11;1;2;J;1;3;3;404226;3;2;435,8836;2;2;2;2;587,77185
120491;12049102;1968;1;2;4;3;2;2;10;4;1;5;2;1;2;350359,9397;6300689,829;2;2;2;3;2;2;1;1;J;1;850000;4;850000;4;0;2;2;2;2;858;174,86024
120550;12055001;1968;1;1;7;3;2;2;7;5;1;4;2;1;2;2;2;2;2;2;11855879;2;2;1;1;5;J;1;3;7;422549;3;1;2;1687;2;2;2;145,54266
120550;12055002;1972;2;2;7;2;2;2;11;3;1;5;2;1;2;2;2;2;2;2;56587496;2;10;1;1;6;J;1;3;2;200794;2;2;2;1366;2;2;2;118,38676
120551;12055103;2009;1;4;2;1;2;2;2;1;2;2;2;2;2;2;2;341050,7671;6296317,083;2;2;2;2;2;5;J;2;0;0;0;0;0;95,59849;2;2;2;2;38,35585
120602;12060201;1938;1;1;4;1;2;2;6;3;3;2;2;2;2;2;2;2;2;2;3;2;2;2;2;J;1;3;7;173334;2;1;205,1408;2;2;2;2;83,04292
120602;12060202;1938;2;2;4;1;2;2;6;6;3;2;2;2;2;2;2;2;2;2;3;2;2;2;2;J;2;0;0;162734;1;1;89,84524;2;2;2;2;67,08241
120652;12065201;1955;1;1;2;3;2;2;11;5;1;5;4;1;2;350521,4237;6285250,83;2;2;2;3;99;2;1;5;J;1;3;4;1171216;4;2;93,46519;2;2;2;2;24,9426
120772;12077201;1952;1;1;2;2;2;2;5;3;1;2;5;1;2;342311,8747;6295503,778;2;2;2;3;2;2;1;7;J;1;3;7;347143;2;1;998,395;2;2;2;2;169,16693
120842;12084201;1959;1;1;2;3;2;2;4;5;1;2;2;2;2;346762,4661;6300009,813;2;2;2;2;2;10;1;2;J;1;3;2;200258;2;2;108,5279;2;2;2;2;45,60825
120842;12084202;1960;2;2;2;3;2;2;5;3;1;2;2;1;2;346762,4661;6300009,813;2;2;2;2;2;9;1;2;J;1;3;1;73339;1;2;94,64243;2;2;2;2;40,3637
120891;12089103;1975;1;3;2;3;2;2;11;5;1;5;1;1;2;342259,1491;6288196,42;2;2;2;3;2;11;1;6;J;1;3;2;270671;2;2;761,6397;2;2;2;2;884,22247
120891;12089104;1979;1;3;1;3;2;2;7;4;1;5;1;1;2;350087,0721;6300587,334;2;2;2;3;2;7;1;5;J;1;3;3;404755;3;2;761,6397;2;2;2;2;884,22247
120912;12091201;1969;1;1;5;3;2;2;11;4;1;2;5;2;2;340030,3006;6296324,963;2;2;2;13339378;2;3;1;7;J;1;3;7;349008;2;1;655,3148;2;2;2;2;1761,42773
120912;12091202;1979;2;2;2;3;1;2;11;4;1;2;5;5;1;8;348732,8146;6295695,943;345591,3776;6299440,708;2;7057462;2;3;2;2;J;1;3;7;287270;2;1;655,0541;2;2;2;2;1432,77368
120912;12091205;2003;1;3;2;1;2;2;4;4;2;2;2;2;4;2;2;0;0;2;2;2;5;2;7;J;2;0;0;0;0;0;650,8935;2;2;2;2;1169,71606
120912;12091206;2007;1;3;2;1;2;2;2;3;2;2;2;2;3;2;2;0;0;2;2;2;5;2;7;J;2;0;0;0;0;0;655,3148;2;2;2;2;1570,92761
121092;12109201;1963;2;1;2;3;2;2;11;5;4;2;2;2;2;2;2;2;2;2;3;2;3;1;5;J;2;0;0;0;0;0;516,6844;2;2;2;2;295,86441
121102;12110201;1965;2;1;2;3;2;2;7;4;1;5;5;1;2;340423,7851;6310371,803;2;2;2;2;2;10;1;2;J;1;3;3;489294;3;2;516,6844;2;2;2;2;295,86441
121131;12113102;1954;1;2;2;3;2;2;5;4;1;5;5;1;2;2;2;2;2;2;2;2;7;2;5;6;J;1;3;7;362547;2;1;2;206;2;2;2;8,88333
121131;12113104;1993;2;3;1;1;1;2;5;3;2;2;2;2;4;2;2;2;2;2;2;2;2;1;2;5;J;2;0;0;0;0;0;2;206;2;2;2;9,5917
121152;12115201;1964;1;1;2;3;2;2;11;5;1;5;4;1;2;359362,7339;6310869,578;2;2;2;2;2;3;2;7;J;1;3;7;487111;3;1;339,1411;2;2;2;2;232,82454
121161;12116101;1948;1;1;2;3;2;2;6;6;1;5;1;1;2;340917,2486;6295321,132;2;2;2;3;2;2;1;5;J;1;3;1;116327;1;2;106,2199;2;2;2;2;64,25601
121191;12119102;1955;2;2;2;1;2;2;5;4;1;5;2;1;2;351087,9791;6301197,064;2;2;2;3;2;2;2;2;J;1;340000;2;340000;2;0;2;2;2;276;2;20,07729
121191;12119104;1990;2;3;2;1;2;2;7;4;1;5;1;1;2;336872,7472;6294240,059;2;2;2;3;2;2;2;2;J;1;230000;2;230000;2;0;2;2;2;276;2;19,57942
121232;12123201;1955;1;1;2;3;2;2;5;4;1;5;1;2;2;2;2;2;2;2;3;2;2;1;2;6;J;1;3;2;217424;2;2;327,2977;2;2;2;2;114,65665
121241;12124101;1988;1;1;2;2;2;2;5;3;1;5;5;1;2;332619,8644;6285197,973;2;2;2;2;2;7;2;5;6;J;1;3;7;340906;2;1;2;2;2;5767;2;185,13329
121241;12124102;1992;2;2;2;1;2;2;5;4;4;2;2;2;2;2;2;2;2;2;2;2;5;2;1;6;J;2;0;0;0;0;0;2;2;2;5767;2;174,97693
121241;12124103;2012;2;3;1;1;2;2;1;0;2;2;2;2;2;2;2;2;2;2;2;2;4;2;3;5;J;2;0;0;0;0;0;2;2;2;5767;2;200,03137
121462;12146201;1966;1;1;2;3;1;2;5;4;1;5;5;1;2;343949,5593;6297487,177;2;2;2;3;2;2;1;1;J;1;300000;2;300000;2;0;2;2;2;2;892;152,79184
121462;12146202;1969;2;2;2;1;2;2;5;4;4;2;2;2;2;2;2;2;2;2;3;2;2;1;1;J;2;0;0;0;0;0;2;2;2;2;892;135,22211
121462;12146204;2006;2;3;2;1;2;2;4;1;2;2;2;2;3;2;2;339857,6267;6296455,646;2;2;2;2;2;1;J;2;0;0;0;0;0;2;2;2;2;892;161,04175
121521;12152101;1976;1;1;4;3;2;2;9;4;1;5;8;1;2;340748,2098;6295808,739;2;2;2;2;2;4;1;6;J;1;3;7;487271;3;1;615,5152;2;2;2;2;326,78079
121521;12152102;1982;2;2;6;3;2;2;7;4;1;3;4;1;2;342125,2168;6296680,109;2;2;2;3;2;2;1;6;J;1;180000;1;180000;1;0;615,2703;2;2;2;2;222,47037
121521;12152103;2010;2;3;5;1;2;2;2;1;2;2;2;2;2;2;2;342303,8365;6296735,714;2;2;2;4;2;5;J;2;0;0;0;0;0;615,5152;2;2;2;2;243,92184
121542;12154201;1938;1;1;2;3;2;2;6;4;3;2;2;2;2;2;2;2;2;2;2;2;5;2;7;J;1;3;7;217944;2;1;486,003;2;2;2;2;113,88017
121542;12154202;1960;2;2;4;3;2;2;6;4;1;7;6;2;2;350469,4111;6297798,834;2;2;2;3;2;5;2;7;J;1;3;7;213619;2;1;689,9671;2;2;2;2;198,49718
121542;12154203;2000;1;3;2;1;1;2;4;8;2;2;2;2;4;2;2;341004,7711;6291544,952;2;2;2;5;2;7;J;2;0;0;0;0;0;685,3141;2;2;2;2;148,9437
121641;12164104;1982;2;3;2;3;2;2;11;5;1;5;1;1;2;338297,4601;6306197,481;2;2;2;3;2;7;1;4;5;J;1;3;7;337071;2;1;32,72702;2;2;2;2;19,12906
121691;12169101;1959;1;1;4;3;2;2;5;4;1;2;5;4;2;341450,3601;6296094,871;2;2;2;3;2;2;1;5;J;1;3;2;326422;2;2;803,1506;2;2;2;2;166,56429
121711;12171102;1946;1;1;2;3;2;1;5;4;3;2;2;2;2;2;2;2;2;2;3;2;3;1;5;J;1;3;2;331879;2;2;296,6302;2;2;2;2;111,39296
121722;12172201;1980;1;1;2;3;2;2;5;4;1;5;5;1;2;345294,3307;6295361,491;2;2;2;3;2;5;1;1;2;J;1;3;3;631335;3;2;425,3261;2;2;2;2;208,92412
121722;12172202;1984;2;2;2;3;2;2;11;5;1;5;5;1;2;345294,3307;6295361,491;2;2;2;3;2;3;1;1;2;J;1;3;3;655330;3;2;341,5553;2;2;2;2;142,23413
121763;12176301;1982;1;1;6;1;2;2;5;2;1;2;2;1;2;341908,6525;6295846,009;2;2;2;3;2;2;1;5;J;1;3;2;273812;2;2;117,9037;2;2;2;2;29,98629
121781;12178101;1958;1;1;2;1;2;2;10;4;3;2;2;2;2;2;2;2;2;2;3;2;2;1;5;I;1;3;2;365001;2;2;2;1896;2;2;2;175,37143
121811;12181101;1966;1;1;2;1;2;2;6;4;1;4;2;1;2;341017,9321;6290116,534;2;2;2;3;2;2;1;2;J;1;400000;2;400000;2;0;2;2;2;276;2;33,07487
121821;12182101;1965;1;1;2;2;2;2;5;3;1;2;5;1;2;341717,4909;6295046,993;2;2;2;3;2;2;1;1;J;1;400000;2;400000;2;0;2;2;2;4164;2;214,89059
121821;12182102;1965;2;2;2;3;2;2;5;4;4;2;2;2;2;2;2;2;2;2;3;2;2;1;1;J;2;0;0;0;0;0;2;2;2;4164;2;190,18001
121821;12182103;1995;2;3;2;1;1;2;5;4;2;2;2;2;4;2;2;342162,8205;6295472,059;2;3;2;2;1;1;J;2;0;0;0;0;0;2;2;2;4164;2;131,36241
121821;12182104;2003;1;3;2;1;2;2;4;4;2;2;2;2;4;2;2;0;0;2;3;2;2;1;1;J;2;0;0;0;0;0;2;2;2;4164;2;142,70291
121852;12185201;1970;1;1;2;3;2;2;4;8;1;5;5;1;2;341539,5641;6302467,373;2;2;2;3;2;8;1;5;J;1;3;2;217745;2;2;126,6804;2;2;2;2;118,90828
121881;12188105;1994;1;3;1;1;2;2;5;4;2;2;2;2;4;2;2;341001,8197;6295597,418;2;3;2;2;1;1;J;2;0;0;0;0;0;2;2;2;3614;2;58,2902
121891;12189101;1966;1;1;2;3;2;2;5;4;1;3;2;1;2;345127,407;6286981,862;2;2;2;3;2;2;1;2;J;1;350000;2;350000;2;0;2;2;2;4164;2;238,98366
121931;12193103;2003;1;3;2;1;2;2;4;3;2;2;2;2;4;2;2;343299,1279;6294252,81;2;2;2;2;1;5;J;2;0;0;0;0;0;136,8885;2;2;2;2;92,13926
121961;12196101;1955;1;1;4;3;2;2;10;4;1;3;1;1;2;357936,0321;6301345,675;2;2;2;3;2;2;1;2;J;1;900000;4;900000;4;0;2;2;2;2;858;611,94031
121961;12196103;1989;1;3;4;3;2;2;11;4;7;2;2;2;2;2;2;2;2;2;3;2;2;1;2;J;2;0;0;0;0;0;2;2;2;2;858;699,0896
121971;12197102;1983;2;3;2;1;2;2;10;3;1;2;1;1;2;346779,0157;6298203,731;2;2;2;3;2;2;1;2;J;1;500000;3;500000;3;0;2;2;2;2;1404;133,03749
122031;12203101;1953;1;1;2;3;2;2;11;5;1;2;5;2;2;0;0;2;2;2;2;2;2;1;2;J;1;3;1;166386;1;2;770,8338;2;2;2;2;268,62231
122091;12209101;1965;1;1;2;3;2;2;11;4;1;5;2;1;2;346353,6987;6298257,092;2;2;2;3;2;2;1;2;J;1;600000;3;600000;3;0;2;2;2;2;922;45,14915
122103;12210303;2005;2;3;2;1;2;2;4;1;2;2;2;2;4;2;2;341168,763;6296462,886;2;2;2;11;2;3;J;2;0;0;0;0;0;30,4122;2;2;2;2;35,83043
122121;12212103;1987;2;3;2;1;2;2;5;4;1;5;5;2;2;335886,8676;6297003,026;2;2;2;3;2;2;1;1;J;1;230000;2;230000;2;0;2;2;2;318;2;20,85332
122142;12214201;1990;1;1;6;3;2;2;5;4;1;5;1;1;2;357407,0632;7384230,571;2;2;2;3;2;5;1;7;J;1;3;3;451882;3;2;254,2167;2;2;2;2;208,64203
122142;12214202;1993;2;2;2;1;2;2;5;1;4;2;2;2;2;2;2;2;2;2;3;99;2;1;5;J;2;0;0;0;0;0;363,5661;2;2;2;2;197,196
122142;12214203;2010;2;3;4;1;2;2;2;1;2;2;2;2;2;2;2;341239,503;6295033,541;2;2;2;11;2;5;J;2;0;0;0;0;0;298,2744;2;2;2;2;225,43192
122222;12222201;1991;1;1;4;3;2;2;5;4;1;2;5;1;2;338922,6458;6295517,799;2;2;2;3;2;3;1;5;J;1;3;3;532033;3;2;395,781;2;2;2;2;75,45882
122231;12223101;1981;1;1;11;3;2;2;7;4;1;2;5;1;2;343654,9024;6296673,709;2;2;2;2;2;2;1;5;J;1;3;2;280192;2;2;540,707;2;2;2;2;256,17749
122231;12223102;1981;2;2;4;1;2;2;5;4;4;2;2;2;2;2;2;2;2;2;3;2;2;1;5;J;2;0;0;0;0;0;330,9569;2;2;2;2;174,40407
122251;12225101;1956;1;1;2;3;2;2;5;4;1;2;2;2;2;339512,3153;6295092,376;2;2;2;3;2;2;1;2;J;1;160000;1;160000;1;0;2;2;2;2;858;332,74219
122251;12225102;1964;2;2;2;1;2;2;5;3;1;2;2;2;2;339512,3153;6295092,376;2;2;2;3;2;2;1;2;J;1;150000;1;150000;1;0;2;2;2;2;858;407,56897
122251;12225103;1990;2;3;2;1;2;2;10;3;5;2;2;2;2;2;2;2;2;2;3;2;2;1;2;J;2;0;0;0;0;0;2;2;2;2;858;359,27567
122291;12229101;1960;1;1;2;3;2;2;5;4;1;5;8;1;2;342691,533;6297825,694;2;2;2;2;2;1;1;2;J;1;3;7;355840;2;1;2;4384;2;2;2;70,61839
122320;12232001;1973;2;2;6;3;2;2;10;4;1;5;5;1;2;341470,33;6296707,97;2;2;2;3;2;2;1;5;J;1;3;3;435385;3;2;234,2373;2;2;2;2;189,38319
122320;12232002;1999;1;3;2;1;1;2;4;7;2;2;2;2;4;2;2;342387,3414;6296358,85;2;2;2;2;1;5;J;2;0;0;0;0;0;226,159;2;2;2;2;154,61232
122320;12232003;2007;2;3;2;1;2;2;2;1;2;2;2;2;3;2;2;342711,7004;6296724,509;2;2;2;2;2;5;J;2;0;0;0;0;0;293,4204;2;2;2;2;207,64435
122351;12235101;1959;1;1;1;3;2;2;4;8;1;3;5;1;2;342982,6711;6297132,988;2;2;2;3;2;6;1;5;J;1;3;2;228045;2;2;256,2618;2;2;2;2;220,86798
122351;12235102;1995;2;3;2;1;1;2;4;3;2;2;2;2;4;2;2;341844,5435;6294937,772;2;2;2;9;1;5;J;2;0;0;0;0;0;123,8392;2;2;2;2;135,0164
122412;12241201;1938;2;1;1;1;2;2;4;6;4;2;2;2;2;2;2;2;2;2;3;2;2;1;5;7;1;3;1;176592;1;2;49,56863;2;2;2;2;29,78268
122423;12242301;1935;2;1;3;1;2;1;4;6;4;2;2;2;2;2;2;2;2;2;3;2;2;2;2;5;1;95000;1;95000;1;0;32,77098;2;2;2;2;13,56581
122551;12255101;1981;2;1;4;3;2;2;7;4;1;5;5;2;2;347426,1688;6305049,771;2;2;2;3;2;2;1;6;J;1;3;2;200748;2;2;91,80396;2;2;2;2;26,16376
122621;12262102;1960;1;1;2;3;2;2;5;4;1;5;5;1;2;0;0;2;2;2;3;2;4;1;2;J;1;3;3;456944;3;2;366,7001;2;2;2;2;152,79184
122781;12278101;1967;1;1;2;3;2;2;5;4;1;5;5;1;2;0;0;2;2;2;3;2;2;2;2;J;1;3;3;400128;3;2;46,84612;2;2;2;2;23,51693
122781;12278103;1993;1;3;2;3;1;2;11;2;2;2;2;2;8;2;2;354167,6235;6304526,237;2;3;2;2;2;2;J;2;0;0;0;0;0;34,54391;2;2;2;2;19,41148
122800;12280002;1969;1;3;3;3;2;2;7;5;1;2;8;2;2;341162,0969;6295196,88;2;2;2;3;2;3;1;2;6;J;1;3;7;268968;2;1;571,9189;2;2;2;2;260,806
122991;12299101;1981;2;1;5;3;2;2;11;5;1;5;5;1;2;343830,4788;6297439,665;2;2;2;3;2;2;1;1;J;1;3;4;1304442;4;2;2;2;2;1820;2;133,66801
123071;12307101;1974;2;2;2;1;2;2;5;4;1;2;5;1;2;341107,4915;6296576,123;2;2;2;3;2;3;1;5;J;1;3;2;230453;2;2;2;159;2;2;2;122,74142
123080;12308002;1985;1;3;2;3;2;2;7;4;1;5;5;1;2;344207,5311;6298994,692;2;2;2;3;2;4;1;1;2;J;1;3;3;562366;3;2;58,66269;2;2;2;2;25,95129
123101;12310106;1964;1;1;2;3;2;2;5;4;1;5;5;1;2;347245,3555;6304425,92;2;2;2;3;2;3;1;1;2;J;1;3;3;724679;3;2;272,0173;2;2;2;2;163,33473
123101;12310107;1984;1;3;2;3;2;2;5;4;1;5;5;1;2;346923,3359;6299999,385;2;2;2;3;2;3;1;1;2;J;1;3;3;555140;3;2;155,8075;2;2;2;2;93,51469
123121;12312101;1945;2;1;4;3;2;2;11;4;3;2;2;2;2;2;2;2;2;2;2;2;10;2;5;6;J;1;500000;3;500000;3;0;59,04413;2;2;2;2;23,45592
123161;12316101;1971;2;1;2;3;2;2;10;4;1;5;5;1;2;351765,06;6289947,26;2;2;2;3;2;2;1;5;J;1;3;4;801168;4;2;2;2;155,8237;2;2;120,64931
123161;12316102;1947;2;4;2;1;2;2;6;1;4;2;2;2;2;2;2;2;2;2;3;2;3;1;5;J;2;0;0;0;0;0;2;2;142,7228;2;2;60,66388
123200;12320004;2011;1;3;2;1;2;2;2;1;2;2;2;2;1;2;2;348153,3124;6307294,5;2;2;2;7;1;5;J;2;0;0;0;0;0;202,0359;2;2;2;2;44,58763
123220;12322002;1978;2;3;2;3;2;2;5;4;1;5;5;1;2;357382,2593;6303062,575;2;2;2;3;2;2;1;5;J;1;3;2;369412;2;2;125,7479;2;2;2;2;122,74142
123261;12326101;1965;2;1;2;3;2;2;5;4;6;2;2;2;2;2;2;2;2;2;3;2;3;1;7;J;2;0;0;0;0;0;2;2;2;3782;2;270,07492
123261;12326104;1991;1;3;1;1;2;2;5;4;2;2;2;2;9;2;2;0;0;2;3;2;3;1;5;J;2;0;0;0;0;0;2;2;2;3782;2;202,42555
123261;12326105;1991;1;5;1;1;2;2;5;4;2;2;2;2;9;2;2;0;0;2;3;2;2;1;5;J;2;0;0;0;0;0;2;2;2;3782;2;202,42555
123301;12330102;1959;1;2;2;3;2;2;7;4;1;2;2;2;2;342916,3441;6307084,618;2;2;2;3;2;2;1;2;5;J;1;3;7;365521;3;1;2;2;96,76894;2;2;43,57812
123331;12333101;1969;1;1;2;3;2;2;5;4;1;2;5;1;2;348151,0435;6305989,321;2;2;2;2;2;10;1;2;6;J;1;3;7;434314;3;1;101,2275;2;2;2;2;53,366
123340;12334002;1958;1;1;4;2;2;2;5;4;1;5;5;1;2;347575,6874;6305538;2;2;2;3;2;3;1;5;J;1;500000;3;500000;3;0;2;1835;2;2;2;68,32961
123391;12339103;1967;1;3;2;3;2;2;7;4;1;5;5;1;2;347042,6229;6300583,348;2;2;2;3;2;4;1;1;2;J;1;3;3;779606;3;2;76,80164;2;2;2;2;71,92204
123391;12339104;1969;1;3;2;3;2;2;5;4;1;5;5;1;2;337752,3546;6308500,232;2;2;2;3;2;4;1;2;J;1;3;3;537525;3;2;76,80164;2;2;2;2;71,92204
123410;12341003;1990;2;4;2;3;2;2;5;4;4;2;2;2;2;2;2;2;2;2;3;2;2;1;2;J;2;0;0;0;0;0;263,6262;2;2;2;2;172,78418
123410;12341006;2013;1;4;2;1;2;2;1;0;2;2;2;2;2;2;2;2;2;2;2;2;2;2;5;J;2;0;0;0;0;0;422,3481;2;2;2;2;210,84787
123441;12344101;1965;1;1;2;3;2;2;10;4;1;5;5;1;2;343821,2164;6304664,876;2;2;2;3;2;3;1;1;J;1;3;5;2255065;5;2;274,0283;2;2;2;2;98,56507
123441;12344102;1940;2;4;1;1;2;2;8;4;3;2;2;2;2;2;2;2;2;2;3;2;5;1;2;5;1;3;3;543831;3;2;123,0132;2;2;2;2;46,514
123471;12347103;1970;2;4;2;3;2;2;5;4;1;5;5;1;2;347221,2084;6303250,195;2;2;2;3;2;3;1;1;2;J;1;3;2;329223;2;2;121,2316;2;2;2;2;32,41746
123511;12351101;1962;1;1;6;3;2;2;10;3;1;2;2;1;2;344500,9909;6309079,546;2;2;2;3;2;2;1;5;6;J;1;400000;2;400000;2;0;321,9934;2;2;2;2;287,75888
123511;12351102;1964;2;2;6;3;2;2;10;3;1;2;2;1;2;344500,9909;6309079,546;2;2;2;3;2;2;1;5;6;J;1;200000;1;200000;1;0;299,9911;2;2;2;2;270,07492
123551;12355101;1974;1;1;2;3;2;2;7;4;1;5;2;1;2;345530,7488;6298352,664;2;2;2;3;2;7;1;5;J;1;3;3;427972;3;2;357,7254;2;2;2;2;619,3335
123571;12357105;1980;1;4;2;3;2;2;5;4;1;2;5;2;2;344886,819;6308836,725;2;2;2;3;2;7;1;5;J;1;3;2;277487;2;2;488,3464;2;2;2;2;259,54303
123571;12357106;1954;1;2;2;3;2;2;5;4;1;2;5;2;2;344886,819;6308836,725;2;2;2;3;2;7;1;5;J;1;3;3;630458;3;2;602,3553;2;2;2;2;265,82556
123582;12358202;1965;2;2;6;3;2;2;11;5;4;2;2;2;2;2;2;2;2;2;2;2;2;2;2;J;2;0;0;0;0;0;293,9802;2;2;2;2;293,54706
123582;12358203;1997;1;3;2;1;1;2;5;2;2;2;2;2;4;2;2;343409,312;6308550,552;2;2;2;2;1;5;6;J;2;0;0;0;0;0;267,1488;2;2;2;2;229,7654
123582;12358204;2006;2;3;2;1;2;2;4;1;2;2;2;2;4;2;2;343409,312;6308550,552;2;2;2;3;2;5;6;J;2;0;0;0;0;0;256,6873;2;2;2;2;244,04579
123591;12359101;1973;1;1;3;3;2;2;11;5;1;5;1;1;2;351426,5235;6301633,492;2;2;2;2;2;7;2;2;6;J;1;3;7;617554;3;1;53,89685;2;2;2;2;107,81065
123591;12359102;1972;2;2;4;3;2;2;11;5;1;5;1;1;2;351054,8557;6301336,745;2;2;2;2;2;7;1;5;6;J;1;3;7;499639;3;1;77,95408;2;2;2;2;134,71068
123621;12362104;1992;2;3;2;1;2;2;5;4;1;5;2;1;2;348868,6963;6299981,86;2;2;2;3;2;7;1;5;J;1;3;2;248968;2;2;2;222;2;2;2;64,04752
123651;12365102;1980;1;1;2;3;2;2;5;4;1;2;5;2;2;347835,8294;6307480,441;2;2;2;3;2;2;1;1;J;1;350000;2;350000;2;0;286,1148;2;2;2;2;82,26405
123661;12366103;1975;1;3;2;3;2;2;10;4;1;5;5;1;2;343554,2948;6284541,618;2;2;2;3;2;3;1;1;5;J;1;3;3;610502;3;2;102,9267;2;2;2;2;57,83815
123691;12369101;1967;2;1;2;3;2;2;11;5;1;4;7;1;2;346027,28;6296382,08;2;2;2;3;2;3;1;5;J;1;3;4;900686;4;2;167,4164;2;2;2;2;94,81313
123721;12372101;1970;1;1;2;3;2;2;11;5;1;5;1;1;2;349926,2929;6300777,493;2;2;2;2;2;7;2;5;6;J;1;3;7;585283;3;1;254,2444;2;2;2;2;272,92667
123721;12372102;1953;2;2;2;3;2;2;11;5;1;5;1;1;2;347394,7443;6305030,42;2;2;2;2;2;7;2;5;6;J;1;3;5;2286736;5;2;83,21095;2;2;2;2;95,20528
123721;12372105;1995;1;3;2;1;1;2;5;3;2;2;2;2;4;2;2;343409,312;6308550,552;2;2;2;7;1;5;6;J;2;0;0;0;0;0;215,2524;2;2;2;2;200,49719
123731;12373101;1981;2;1;2;1;2;2;5;4;4;2;2;2;2;2;2;2;2;2;3;2;2;1;5;J;2;0;0;116583;1;1;131,471;2;2;2;2;55,02776
123741;12374101;1960;2;1;2;3;2;2;11;5;4;2;2;2;2;2;2;2;2;2;3;2;3;1;1;J;2;0;0;177888;2;1;167,4164;2;2;2;2;94,81313
123751;12375101;1970;1;1;2;3;2;2;11;5;1;5;5;1;2;356351,92;6302424,24;2;2;2;2;2;7;1;5;J;1;3;4;1389743;4;2;2;2;96,76894;2;2;39,36498
123751;12375102;1972;2;2;2;3;2;2;11;5;4;2;2;2;2;2;2;2;2;2;2;2;7;1;1;J;2;0;0;0;0;0;2;2;91,10642;2;2;28,16123
123751;12375103;1997;2;3;2;1;1;2;4;1;2;2;2;2;4;2;2;343913,638;6308180,911;2;2;2;7;2;1;J;2;0;0;0;0;0;2;2;83,51518;2;2;28,91827
123811;12381101;1985;2;1;2;3;2;2;11;5;1;5;5;1;2;346139,29;6298180,13;2;2;2;3;2;3;1;5;J;1;3;3;506212;3;2;67,69822;2;2;2;2;42,45243
123811;12381102;1988;1;4;2;4;2;2;10;4;1;5;8;1;2;346139,29;6298180,13;2;2;2;3;2;2;1;5;J;1;340000;2;340000;2;0;63,2493;2;2;2;2;41,7443